id,value_season,value_form,form,total_points,points_per_game,team_code,now_cost,event_points,chance_of_playing_next_round,code,dreamteam_count,element_type,goals_scored,assists,clean_sheets,goals_conceded,own_goals,penalties_saved,penalties_missed,yellow_cards,red_cards,saves,bonus,bps,influence,creativity,threat,ict_index
302.0,12.5,0.4,4.7,142.0,7.1,1.0,114.0,2.0,0.0,141746.0,6.0,3.0,11.0,9.0,6.0,22.0,0.0,0.0,1.0,4.0,0.0,0.0,22.0,514.0,776.0,859.9,710.0,234.8
388.0,12.6,0.6,7.2,142.0,7.9,6.0,113.0,0.0,100.0,78830.0,6.0,4.0,12.0,11.0,6.0,16.0,0.0,0.0,0.0,1.0,0.0,0.0,26.0,513.0,763.4,371.1,790.0,192.4
390.0,14.3,0.5,5.0,139.0,7.7,6.0,97.0,0.0,100.0,85971.0,7.0,3.0,12.0,6.0,8.0,11.0,0.0,0.0,0.0,0.0,0.0,0.0,18.0,436.0,639.2,494.7,598.0,173.5
254.0,10.3,0.1,1.8,129.0,7.2,14.0,125.0,0.0,100.0,118748.0,3.0,3.0,13.0,4.0,5.0,21.0,0.0,0.0,0.0,0.0,0.0,0.0,13.0,383.0,616.8,441.0,896.0,195.3
224.0,11.6,0.2,2.2,116.0,6.4,13.0,100.0,0.0,0.0,101668.0,4.0,4.0,11.0,8.0,6.0,19.0,0.0,0.0,1.0,1.0,0.0,0.0,17.0,412.0,527.8,183.3,762.0,147.4
37.0,14.7,0.8,5.8,113.0,6.3,7.0,77.0,8.0,0.0,114283.0,2.0,3.0,6.0,10.0,9.0,21.0,0.0,0.0,0.0,4.0,0.0,0.0,12.0,440.0,597.6,837.4,811.0,224.4
202.0,15.5,0.5,3.2,104.0,5.5,2.0,67.0,1.0,0.0,106617.0,2.0,4.0,10.0,5.0,6.0,33.0,0.0,0.0,0.0,1.0,0.0,0.0,13.0,332.0,433.8,124.9,878.0,143.5
141.0,13.8,0.4,3.2,99.0,5.8,31.0,72.0,7.0,100.0,82403.0,3.0,3.0,9.0,3.0,3.0,29.0,0.0,0.0,0.0,3.0,0.0,0.0,11.0,251.0,412.4,240.6,677.0,133.1
506.0,14.7,0.4,2.5,97.0,5.4,4.0,66.0,5.0,100.0,75115.0,2.0,4.0,8.0,5.0,4.0,28.0,0.0,0.0,0.0,2.0,0.0,0.0,16.0,303.0,391.0,196.2,517.0,110.2
276.0,8.4,0.5,5.2,97.0,5.4,43.0,115.0,11.0,100.0,103955.0,1.0,3.0,6.0,6.0,9.0,11.0,0.0,0.0,1.0,1.0,0.0,0.0,9.0,269.0,385.6,310.1,804.0,149.8
164.0,12.8,0.2,1.3,97.0,5.7,11.0,76.0,2.0,100.0,177815.0,2.0,4.0,11.0,4.0,5.0,20.0,0.0,0.0,0.0,3.0,0.0,0.0,10.0,344.0,463.4,150.2,811.0,142.2
449.0,18.1,1.2,6.6,96.0,4.8,21.0,53.0,15.0,0.0,215439.0,4.0,3.0,7.0,1.0,7.0,24.0,0.0,0.0,0.0,2.0,0.0,0.0,13.0,323.0,494.6,109.6,586.0,119.0
96.0,17.6,1.0,5.2,95.0,5.3,90.0,54.0,3.0,100.0,98747.0,2.0,1.0,0.0,0.0,7.0,19.0,0.0,0.0,0.0,0.0,0.0,73.0,17.0,395.0,547.0,10.0,0.0,55.6
272.0,8.0,0.5,5.4,95.0,5.6,43.0,119.0,0.0,0.0,61366.0,2.0,3.0,3.0,10.0,9.0,11.0,0.0,0.0,1.0,1.0,0.0,0.0,12.0,368.0,514.6,796.8,663.0,197.6
306.0,9.9,0.3,3.3,95.0,4.8,1.0,96.0,2.0,100.0,176297.0,2.0,3.0,7.0,5.0,6.0,24.0,0.0,0.0,0.0,3.0,0.0,0.0,4.0,279.0,452.6,331.3,652.0,143.6
12.0,18.2,0.6,3.2,93.0,5.2,7.0,51.0,1.0,0.0,98980.0,1.0,1.0,0.0,0.0,9.0,21.0,0.0,1.0,0.0,0.0,0.0,62.0,10.0,416.0,481.8,20.0,0.0,50.0
435.0,16.7,1.2,6.4,92.0,4.6,21.0,55.0,5.0,100.0,55459.0,2.0,2.0,0.0,7.0,7.0,24.0,0.0,0.0,0.0,0.0,0.0,0.0,11.0,432.0,399.0,485.3,51.0,93.8
251.0,7.5,0.2,2.0,88.0,4.9,14.0,118.0,0.0,100.0,110979.0,1.0,3.0,6.0,5.0,5.0,15.0,0.0,0.0,0.0,2.0,0.0,0.0,6.0,256.0,421.4,440.1,856.0,172.0
255.0,11.9,0.5,3.6,88.0,4.6,14.0,74.0,0.0,100.0,122798.0,2.0,2.0,1.0,5.0,6.0,22.0,0.0,0.0,0.0,1.0,0.0,0.0,11.0,438.0,410.4,648.0,218.0,127.9
235.0,12.6,0.9,5.8,86.0,4.5,13.0,68.0,6.0,0.0,201666.0,1.0,3.0,6.0,3.0,5.0,18.0,0.0,0.0,0.0,0.0,0.0,0.0,7.0,227.0,391.0,242.3,610.0,124.4
370.0,14.1,0.7,4.0,86.0,4.5,20.0,61.0,5.0,100.0,101178.0,3.0,3.0,4.0,5.0,8.0,24.0,0.0,0.0,0.0,3.0,0.0,0.0,8.0,395.0,474.4,510.3,128.0,111.1
474.0,14.6,0.5,2.8,86.0,4.3,39.0,59.0,2.0,100.0,247632.0,1.0,3.0,4.0,5.0,6.0,26.0,0.0,0.0,0.0,1.0,0.0,0.0,7.0,331.0,386.6,634.1,470.0,149.3
277.0,14.6,1.1,6.6,86.0,5.7,43.0,59.0,17.0,100.0,121145.0,1.0,2.0,1.0,2.0,9.0,6.0,0.0,0.0,0.0,3.0,0.0,0.0,13.0,353.0,332.2,437.0,197.0,96.7
232.0,13.9,0.5,3.2,85.0,5.0,8.0,61.0,5.0,100.0,172850.0,1.0,2.0,2.0,4.0,7.0,17.0,0.0,0.0,0.0,2.0,0.0,0.0,7.0,342.0,363.0,324.0,224.0,90.5
231.0,11.7,1.0,7.2,84.0,4.7,13.0,72.0,2.0,100.0,172780.0,2.0,3.0,6.0,4.0,7.0,14.0,0.0,0.0,0.0,3.0,0.0,0.0,7.0,283.0,366.2,502.1,350.0,121.7
228.0,13.1,1.2,8.0,84.0,4.2,13.0,64.0,10.0,0.0,166989.0,2.0,3.0,5.0,2.0,7.0,22.0,0.0,0.0,0.0,4.0,0.0,0.0,11.0,357.0,453.4,234.9,229.0,91.9
556.0,14.1,1.1,6.6,83.0,4.9,43.0,59.0,6.0,0.0,171314.0,1.0,2.0,0.0,1.0,11.0,7.0,1.0,0.0,0.0,2.0,0.0,0.0,7.0,374.0,339.2,29.9,157.0,52.7
445.0,13.2,0.6,3.8,83.0,4.2,21.0,63.0,5.0,0.0,178186.0,2.0,3.0,5.0,3.0,6.0,20.0,0.0,0.0,0.0,0.0,0.0,0.0,5.0,258.0,316.8,319.4,503.0,114.1
514.0,13.4,0.6,4.0,83.0,4.6,7.0,62.0,6.0,0.0,178301.0,3.0,4.0,8.0,4.0,9.0,21.0,0.0,0.0,1.0,1.0,0.0,0.0,6.0,276.0,428.2,319.9,888.0,163.0
278.0,13.7,0.8,5.0,82.0,4.6,43.0,60.0,6.0,100.0,121160.0,0.0,1.0,0.0,0.0,11.0,12.0,0.0,0.0,0.0,1.0,0.0,31.0,1.0,345.0,266.8,0.0,0.0,26.8
217.0,14.9,0.9,5.2,82.0,4.1,13.0,55.0,2.0,100.0,17745.0,3.0,1.0,0.0,0.0,7.0,22.0,0.0,0.0,0.0,0.0,0.0,57.0,6.0,362.0,485.4,0.0,0.0,48.6
8.0,16.4,1.1,5.6,82.0,4.1,3.0,50.0,3.0,0.0,80201.0,2.0,1.0,0.0,0.0,7.0,20.0,0.0,1.0,0.0,0.0,0.0,48.0,6.0,382.0,411.0,0.0,0.0,41.1
376.0,16.5,0.8,4.0,81.0,4.3,20.0,49.0,1.0,100.0,171771.0,2.0,2.0,1.0,1.0,8.0,21.0,0.0,0.0,0.0,1.0,0.0,0.0,11.0,383.0,393.2,42.7,95.0,53.2
24.0,15.0,1.4,7.8,81.0,4.5,3.0,54.0,13.0,100.0,223340.0,2.0,3.0,5.0,3.0,6.0,16.0,1.0,0.0,0.0,0.0,0.0,0.0,8.0,285.0,374.4,384.4,645.0,140.4
271.0,14.0,1.5,8.8,80.0,5.7,43.0,57.0,14.0,100.0,59859.0,4.0,3.0,7.0,0.0,8.0,3.0,0.0,0.0,0.0,0.0,0.0,0.0,12.0,303.0,384.0,302.9,324.0,101.1
431.0,15.7,0.7,3.4,80.0,4.2,21.0,51.0,1.0,100.0,37096.0,1.0,1.0,0.0,0.0,6.0,24.0,0.0,1.0,0.0,1.0,0.0,54.0,9.0,357.0,398.4,0.0,0.0,39.9
383.0,14.1,0.6,3.2,79.0,4.4,6.0,56.0,0.0,100.0,37915.0,0.0,1.0,0.0,0.0,6.0,17.0,0.0,0.0,0.0,0.0,0.0,60.0,9.0,352.0,430.0,0.0,0.0,43.0
42.0,16.6,1.2,5.8,78.0,4.3,7.0,47.0,4.0,0.0,169359.0,2.0,2.0,0.0,3.0,10.0,19.0,0.0,0.0,0.0,4.0,0.0,0.0,5.0,365.0,290.0,225.1,80.0,59.7
110.0,13.7,0.0,0.2,78.0,5.2,8.0,57.0,0.0,0.0,103192.0,4.0,2.0,4.0,0.0,6.0,17.0,0.0,0.0,0.0,1.0,0.0,0.0,6.0,337.0,416.6,45.9,179.0,64.2
273.0,14.8,1.6,8.2,77.0,7.0,43.0,52.0,6.0,0.0,97299.0,1.0,2.0,2.0,0.0,9.0,2.0,0.0,0.0,0.0,0.0,0.0,0.0,7.0,297.0,263.2,36.3,86.0,38.5
239.0,15.2,0.8,4.0,76.0,3.8,13.0,50.0,1.0,0.0,220627.0,2.0,2.0,1.0,2.0,7.0,22.0,0.0,0.0,0.0,4.0,0.0,0.0,7.0,367.0,365.8,285.3,109.0,76.3
203.0,14.1,0.9,4.8,76.0,4.2,2.0,54.0,7.0,100.0,221399.0,2.0,3.0,4.0,4.0,6.0,31.0,0.0,0.0,0.0,1.0,0.0,0.0,5.0,258.0,389.6,481.0,318.0,119.1
366.0,8.9,0.4,3.2,75.0,5.4,20.0,84.0,2.0,100.0,84939.0,1.0,4.0,7.0,3.0,6.0,15.0,0.0,0.0,0.0,1.0,0.0,0.0,13.0,286.0,386.2,161.4,460.0,100.7
200.0,15.6,0.9,4.2,75.0,3.9,2.0,48.0,2.0,0.0,87873.0,1.0,2.0,3.0,2.0,6.0,34.0,0.0,0.0,0.0,3.0,0.0,0.0,5.0,372.0,386.6,206.6,269.0,86.4
377.0,12.5,0.2,1.2,74.0,4.1,20.0,59.0,2.0,100.0,200439.0,1.0,4.0,4.0,5.0,6.0,22.0,0.0,0.0,0.0,1.0,0.0,0.0,9.0,244.0,307.4,268.0,492.0,107.0
432.0,14.8,0.8,4.2,74.0,3.7,21.0,50.0,1.0,100.0,40669.0,2.0,2.0,2.0,0.0,7.0,24.0,0.0,0.0,0.0,3.0,0.0,0.0,5.0,333.0,370.6,52.1,162.0,58.5
363.0,15.5,0.6,2.8,73.0,4.1,20.0,47.0,1.0,100.0,58376.0,1.0,1.0,0.0,0.0,7.0,24.0,0.0,0.0,0.0,1.0,0.0,50.0,7.0,341.0,417.6,0.0,0.0,41.9
249.0,7.8,0.2,1.4,73.0,3.8,14.0,93.0,0.0,0.0,92217.0,1.0,4.0,5.0,3.0,6.0,20.0,0.0,0.0,0.0,1.0,0.0,0.0,9.0,299.0,353.4,285.0,797.0,143.2
213.0,15.5,0.6,2.8,73.0,4.1,2.0,47.0,3.0,100.0,437495.0,2.0,1.0,0.0,0.0,6.0,34.0,0.0,0.0,0.0,0.0,0.0,71.0,9.0,396.0,532.2,10.0,0.0,54.4
450.0,12.0,0.6,3.4,73.0,3.8,21.0,61.0,2.0,0.0,217593.0,0.0,3.0,2.0,5.0,7.0,17.0,0.0,0.0,0.0,2.0,0.0,0.0,7.0,213.0,224.8,214.8,318.0,75.8
6.0,8.8,0.8,6.8,73.0,4.3,3.0,83.0,11.0,0.0,59966.0,2.0,4.0,8.0,1.0,5.0,9.0,0.0,0.0,0.0,2.0,0.0,0.0,11.0,263.0,380.6,203.7,554.0,113.6
120.0,10.6,0.6,4.0,72.0,3.8,8.0,68.0,1.0,0.0,184341.0,1.0,3.0,2.0,5.0,5.0,22.0,0.0,0.0,0.0,2.0,0.0,0.0,8.0,324.0,399.6,734.5,401.0,153.5
68.0,11.6,0.7,4.0,71.0,3.9,36.0,61.0,2.0,100.0,115382.0,1.0,4.0,7.0,1.0,4.0,23.0,0.0,0.0,1.0,0.0,0.0,0.0,10.0,229.0,310.2,169.2,679.0,115.5
4.0,6.3,0.4,4.8,71.0,4.2,3.0,113.0,0.0,0.0,54694.0,1.0,3.0,5.0,1.0,7.0,16.0,1.0,0.0,0.0,2.0,0.0,0.0,6.0,202.0,272.2,226.3,519.0,101.8
41.0,13.0,0.4,2.2,70.0,4.1,7.0,54.0,1.0,100.0,149484.0,2.0,2.0,2.0,1.0,8.0,20.0,0.0,0.0,0.0,3.0,1.0,0.0,5.0,314.0,383.2,62.3,160.0,60.8
375.0,14.6,0.6,3.0,70.0,3.9,20.0,48.0,0.0,25.0,158534.0,1.0,2.0,0.0,2.0,8.0,21.0,0.0,0.0,0.0,4.0,0.0,0.0,6.0,354.0,319.8,152.6,140.0,61.3
117.0,7.6,0.1,1.0,70.0,3.7,8.0,92.0,0.0,100.0,165153.0,1.0,4.0,4.0,5.0,6.0,18.0,0.0,0.0,0.0,0.0,0.0,0.0,5.0,231.0,296.0,239.4,673.0,120.8
275.0,8.6,0.4,3.4,70.0,5.0,43.0,81.0,12.0,0.0,103025.0,2.0,3.0,5.0,2.0,7.0,10.0,0.0,0.0,0.0,0.0,0.0,0.0,7.0,242.0,307.0,424.1,453.0,118.3
198.0,12.8,0.4,2.2,69.0,3.6,2.0,54.0,1.0,100.0,72222.0,0.0,3.0,3.0,5.0,5.0,32.0,0.0,0.0,0.0,4.0,0.0,0.0,3.0,299.0,357.8,512.8,223.0,109.4
298.0,12.8,1.0,5.2,69.0,3.5,1.0,54.0,8.0,100.0,95658.0,1.0,2.0,2.0,1.0,6.0,27.0,0.0,0.0,0.0,4.0,0.0,0.0,4.0,368.0,433.6,55.9,281.0,77.1
490.0,12.3,0.8,4.2,69.0,4.6,8.0,56.0,9.0,100.0,51090.0,2.0,2.0,2.0,0.0,7.0,16.0,0.0,0.0,0.0,3.0,0.0,0.0,7.0,337.0,404.4,54.3,136.0,59.5
325.0,13.6,0.5,2.7,68.0,3.4,4.0,50.0,1.0,100.0,59735.0,0.0,1.0,0.0,0.0,3.0,34.0,0.0,1.0,0.0,1.0,0.0,74.0,6.0,373.0,572.8,0.0,0.0,57.4
516.0,15.1,1.0,4.5,68.0,3.8,54.0,45.0,10.0,0.0,84182.0,1.0,1.0,0.0,0.0,4.0,24.0,0.0,0.0,0.0,0.0,0.0,72.0,7.0,345.0,521.4,0.0,0.0,51.9
252.0,11.4,0.7,4.2,67.0,4.2,14.0,59.0,0.0,100.0,116535.0,1.0,1.0,0.0,0.0,5.0,13.0,0.0,1.0,0.0,1.0,0.0,35.0,6.0,301.0,343.0,0.0,0.0,34.2
156.0,13.1,0.8,4.3,67.0,3.9,11.0,51.0,2.0,0.0,106611.0,2.0,2.0,3.0,0.0,4.0,21.0,0.0,0.0,0.0,0.0,0.0,0.0,6.0,326.0,430.8,38.7,165.0,63.5
88.0,13.5,1.3,6.6,66.0,5.1,90.0,49.0,7.0,100.0,51927.0,1.0,2.0,2.0,0.0,6.0,12.0,0.0,0.0,0.0,0.0,0.0,0.0,7.0,260.0,359.2,24.6,144.0,53.1
558.0,13.8,0.8,3.8,65.0,4.1,21.0,47.0,1.0,0.0,164555.0,0.0,2.0,0.0,4.0,5.0,20.0,0.0,0.0,0.0,2.0,0.0,0.0,9.0,312.0,334.2,351.5,92.0,78.0
17.0,12.0,1.1,6.0,65.0,3.8,3.0,54.0,0.0,75.0,192895.0,1.0,2.0,1.0,2.0,6.0,18.0,0.0,0.0,0.0,3.0,0.0,0.0,3.0,339.0,300.8,337.7,130.0,76.9
548.0,12.7,0.8,4.0,65.0,4.1,8.0,51.0,6.0,100.0,228286.0,0.0,1.0,0.0,0.0,8.0,14.0,0.0,0.0,0.0,0.0,0.0,29.0,0.0,301.0,235.2,0.0,0.0,23.7
455.0,12.0,0.5,2.6,65.0,3.2,39.0,54.0,9.0,0.0,38533.0,0.0,1.0,0.0,0.0,5.0,29.0,0.0,1.0,0.0,1.0,0.0,43.0,5.0,315.0,352.2,0.0,0.0,35.0
118.0,8.9,0.1,1.0,64.0,3.8,8.0,72.0,1.0,0.0,173879.0,1.0,4.0,6.0,2.0,5.0,11.0,0.0,0.0,0.0,0.0,0.0,0.0,8.0,222.0,270.2,115.8,462.0,84.3
284.0,10.2,1.0,6.0,64.0,4.3,43.0,63.0,1.0,0.0,209244.0,2.0,3.0,4.0,3.0,4.0,6.0,0.0,0.0,0.0,0.0,0.0,0.0,8.0,220.0,270.8,292.2,433.0,99.6
461.0,12.8,0.4,2.2,64.0,4.6,39.0,50.0,0.0,100.0,107613.0,2.0,2.0,3.0,0.0,4.0,21.0,0.0,0.0,0.0,0.0,0.0,0.0,9.0,259.0,337.4,38.1,207.0,58.4
128.0,13.3,1.0,4.8,64.0,3.2,31.0,48.0,2.0,0.0,40836.0,3.0,1.0,0.0,0.0,3.0,36.0,0.0,1.0,0.0,2.0,0.0,61.0,9.0,337.0,447.6,0.0,0.0,44.7
313.0,11.9,0.8,4.5,64.0,3.6,1.0,54.0,1.0,100.0,214590.0,0.0,2.0,1.0,1.0,6.0,22.0,0.0,0.0,0.0,0.0,0.0,0.0,3.0,342.0,405.0,191.6,72.0,66.7
46.0,13.4,0.6,2.8,63.0,3.9,7.0,47.0,1.0,100.0,199798.0,1.0,2.0,2.0,0.0,6.0,21.0,0.0,0.0,0.0,1.0,0.0,0.0,6.0,274.0,308.8,5.2,122.0,43.8
65.0,12.6,0.4,2.0,63.0,3.3,36.0,50.0,3.0,100.0,109345.0,1.0,3.0,2.0,2.0,5.0,25.0,0.0,0.0,0.0,0.0,0.0,0.0,6.0,252.0,340.2,367.5,276.0,98.3
369.0,13.4,0.0,0.0,63.0,4.8,20.0,47.0,0.0,0.0,93100.0,1.0,2.0,3.0,0.0,5.0,13.0,0.0,0.0,0.0,0.0,0.0,0.0,3.0,282.0,366.2,45.3,149.0,56.1
496.0,12.6,0.6,2.8,63.0,3.7,7.0,50.0,1.0,100.0,199796.0,0.0,2.0,0.0,2.0,8.0,21.0,0.0,0.0,0.0,5.0,0.0,0.0,5.0,321.0,343.2,251.8,69.0,66.5
368.0,11.3,0.6,3.5,62.0,3.9,20.0,55.0,8.0,100.0,91047.0,1.0,3.0,3.0,2.0,7.0,16.0,0.0,0.0,0.0,0.0,0.0,0.0,3.0,217.0,277.2,243.1,153.0,67.2
11.0,12.2,0.6,3.0,62.0,3.6,3.0,51.0,1.0,100.0,98745.0,3.0,2.0,0.0,3.0,5.0,17.0,0.0,0.0,0.0,7.0,0.0,0.0,11.0,291.0,251.8,260.8,125.0,63.8
296.0,8.1,0.7,5.5,62.0,3.6,1.0,77.0,2.0,100.0,74208.0,1.0,3.0,3.0,2.0,4.0,17.0,0.0,0.0,0.0,2.0,0.0,0.0,9.0,233.0,295.2,198.2,235.0,72.5
270.0,10.2,0.2,1.4,62.0,4.4,43.0,61.0,0.0,100.0,58621.0,2.0,2.0,1.0,1.0,6.0,11.0,0.0,0.0,0.0,1.0,0.0,0.0,7.0,248.0,200.6,112.0,72.0,38.4
91.0,9.8,0.5,3.2,61.0,3.2,90.0,62.0,8.0,0.0,60689.0,0.0,4.0,4.0,0.0,7.0,23.0,0.0,0.0,0.0,0.0,0.0,0.0,7.0,143.0,212.8,176.0,511.0,89.2
481.0,10.7,1.0,5.8,60.0,3.8,35.0,56.0,2.0,100.0,210407.0,1.0,3.0,4.0,3.0,2.0,35.0,0.0,0.0,0.0,1.0,1.0,0.0,5.0,243.0,314.4,418.0,198.0,93.1
508.0,7.8,0.5,3.7,60.0,4.6,11.0,77.0,8.0,100.0,60025.0,1.0,3.0,4.0,3.0,1.0,17.0,0.0,0.0,0.0,2.0,0.0,0.0,7.0,278.0,332.4,393.7,244.0,97.2
16.0,13.3,1.5,6.6,60.0,3.5,3.0,45.0,2.0,100.0,156074.0,1.0,2.0,0.0,1.0,7.0,15.0,1.0,0.0,0.0,2.0,0.0,0.0,4.0,316.0,325.2,44.5,81.0,45.1
469.0,11.3,0.2,0.8,60.0,3.8,39.0,53.0,3.0,100.0,200600.0,0.0,3.0,3.0,2.0,6.0,15.0,0.0,0.0,0.0,2.0,0.0,0.0,5.0,209.0,250.0,202.6,375.0,82.9
291.0,11.1,0.9,5.0,59.0,3.3,1.0,53.0,1.0,100.0,51940.0,1.0,1.0,0.0,0.0,6.0,24.0,0.0,0.0,0.0,0.0,0.0,37.0,3.0,277.0,309.0,0.0,0.0,30.9
540.0,10.0,0.8,5.0,59.0,3.7,7.0,59.0,2.0,100.0,110504.0,1.0,3.0,4.0,2.0,5.0,11.0,0.0,0.0,0.0,0.0,0.0,0.0,3.0,206.0,244.2,208.4,376.0,82.8
38.0,10.7,0.2,1.2,59.0,3.5,7.0,55.0,2.0,0.0,122806.0,0.0,3.0,1.0,5.0,8.0,21.0,0.0,0.0,0.0,5.0,0.0,0.0,2.0,238.0,257.6,305.3,166.0,72.8
69.0,10.2,0.7,4.0,58.0,3.4,36.0,57.0,3.0,100.0,116216.0,1.0,3.0,1.0,4.0,5.0,21.0,0.0,0.0,0.0,1.0,0.0,0.0,5.0,186.0,210.0,430.8,314.0,95.3
557.0,11.6,0.8,3.8,58.0,3.6,54.0,50.0,3.0,0.0,219352.0,0.0,3.0,3.0,3.0,4.0,15.0,0.0,0.0,1.0,3.0,0.0,0.0,5.0,185.0,338.4,364.2,503.0,120.6
137.0,10.4,0.4,2.5,58.0,3.2,31.0,56.0,2.0,0.0,60252.0,0.0,3.0,1.0,3.0,4.0,21.0,0.0,0.0,0.0,0.0,0.0,0.0,6.0,228.0,306.8,413.3,149.0,87.1
344.0,11.2,0.5,2.8,58.0,3.2,49.0,52.0,2.0,100.0,27436.0,1.0,4.0,5.0,1.0,5.0,19.0,0.0,0.0,0.0,2.0,0.0,0.0,6.0,194.0,248.4,147.0,379.0,77.4
162.0,10.4,0.4,2.0,58.0,3.6,11.0,56.0,2.0,100.0,164511.0,1.0,2.0,2.0,0.0,4.0,18.0,0.0,0.0,0.0,1.0,0.0,0.0,5.0,292.0,381.8,21.3,156.0,56.1
405.0,9.7,0.6,3.5,57.0,3.6,6.0,59.0,0.0,100.0,231372.0,1.0,3.0,3.0,1.0,8.0,7.0,0.0,0.0,0.0,2.0,0.0,0.0,5.0,209.0,265.6,190.0,189.0,64.5
89.0,10.8,0.5,2.8,57.0,3.0,90.0,53.0,5.0,100.0,60551.0,0.0,3.0,1.0,3.0,7.0,24.0,0.0,0.0,0.0,4.0,0.0,0.0,2.0,298.0,282.2,409.2,76.0,76.7
81.0,10.8,0.7,3.8,57.0,3.4,90.0,53.0,0.0,100.0,17761.0,0.0,2.0,0.0,0.0,7.0,19.0,0.0,0.0,0.0,3.0,0.0,0.0,3.0,245.0,329.0,56.8,165.0,55.5
417.0,12.4,0.2,0.8,56.0,2.9,35.0,45.0,0.0,0.0,101982.0,1.0,1.0,0.0,0.0,2.0,46.0,0.0,0.0,0.0,0.0,0.0,80.0,7.0,357.0,580.0,0.0,0.0,58.0
123.0,11.0,0.0,0.2,56.0,4.0,8.0,51.0,0.0,100.0,225796.0,2.0,2.0,1.0,2.0,4.0,17.0,0.0,0.0,0.0,3.0,0.0,0.0,9.0,283.0,305.0,341.7,160.0,80.9
570.0,10.2,1.1,6.2,55.0,3.9,2.0,54.0,13.0,100.0,219961.0,2.0,3.0,3.0,3.0,4.0,19.0,0.0,0.0,0.0,2.0,0.0,0.0,4.0,198.0,284.8,332.6,372.0,99.0
201.0,12.2,0.8,3.8,55.0,3.2,2.0,45.0,0.0,100.0,105377.0,2.0,2.0,2.0,0.0,5.0,21.0,0.0,0.0,0.0,3.0,0.0,0.0,6.0,234.0,228.4,198.2,149.0,57.7
148.0,9.5,0.4,2.5,55.0,3.7,20.0,58.0,2.0,100.0,20467.0,0.0,3.0,2.0,3.0,5.0,19.0,0.0,0.0,0.0,0.0,0.0,0.0,2.0,126.0,189.8,180.7,261.0,62.8
391.0,11.0,0.5,2.5,55.0,3.2,6.0,50.0,0.0,100.0,93264.0,0.0,2.0,0.0,0.0,6.0,14.0,0.0,0.0,0.0,1.0,0.0,0.0,1.0,285.0,347.0,23.5,72.0,44.2
150.0,7.9,0.3,2.0,54.0,3.2,11.0,68.0,1.0,0.0,55422.0,2.0,3.0,2.0,2.0,4.0,10.0,0.0,0.0,0.0,0.0,0.0,0.0,8.0,187.0,211.6,325.3,156.0,69.3
492.0,9.5,0.7,4.0,54.0,3.2,2.0,57.0,4.0,100.0,80954.0,2.0,4.0,3.0,3.0,2.0,19.0,0.0,0.0,0.0,1.0,0.0,0.0,8.0,200.0,212.6,309.3,429.0,95.1
489.0,9.3,0.5,3.0,54.0,3.0,31.0,58.0,2.0,100.0,232413.0,1.0,3.0,2.0,3.0,1.0,30.0,0.0,0.0,0.0,2.0,0.0,0.0,5.0,220.0,267.0,327.9,183.0,77.8
362.0,10.8,0.5,2.5,54.0,3.2,20.0,50.0,0.0,100.0,40146.0,0.0,2.0,0.0,0.0,7.0,19.0,0.0,0.0,0.0,5.0,0.0,0.0,2.0,246.0,182.2,162.1,79.0,42.1
458.0,10.0,0.7,3.6,54.0,3.9,39.0,54.0,6.0,100.0,90585.0,0.0,2.0,1.0,1.0,5.0,19.0,0.0,0.0,0.0,1.0,0.0,0.0,4.0,256.0,289.4,30.2,110.0,43.0
542.0,9.3,0.4,2.5,53.0,4.1,6.0,57.0,0.0,100.0,199249.0,0.0,2.0,0.0,3.0,5.0,11.0,0.0,0.0,0.0,2.0,0.0,0.0,3.0,225.0,217.6,155.3,130.0,50.4
437.0,8.3,0.8,5.0,53.0,4.4,21.0,64.0,5.0,100.0,57531.0,1.0,4.0,5.0,1.0,3.0,11.0,0.0,0.0,0.0,1.0,0.0,0.0,11.0,158.0,239.8,141.2,489.0,86.8
498.0,9.3,0.7,4.0,53.0,4.4,13.0,57.0,2.0,100.0,166477.0,2.0,2.0,1.0,3.0,4.0,12.0,0.0,0.0,0.0,1.0,0.0,0.0,4.0,227.0,227.6,148.6,102.0,47.8
259.0,7.3,0.4,3.2,53.0,3.1,14.0,73.0,0.0,100.0,169187.0,0.0,2.0,0.0,2.0,4.0,21.0,0.0,0.0,0.0,1.0,0.0,0.0,4.0,293.0,265.2,477.5,229.0,97.0
219.0,9.6,0.8,4.5,53.0,3.3,13.0,55.0,2.0,75.0,37642.0,0.0,2.0,0.0,1.0,6.0,16.0,1.0,0.0,0.0,5.0,0.0,0.0,5.0,281.0,256.8,56.8,37.0,35.1
562.0,11.6,0.6,2.5,52.0,3.2,54.0,45.0,6.0,0.0,159506.0,1.0,2.0,1.0,0.0,4.0,17.0,0.0,0.0,0.0,1.0,0.0,0.0,3.0,251.0,273.2,127.5,52.0,45.2
97.0,11.6,0.1,0.4,52.0,3.2,90.0,45.0,0.0,50.0,103914.0,0.0,2.0,0.0,2.0,5.0,20.0,0.0,0.0,0.0,1.0,0.0,0.0,3.0,257.0,264.2,137.0,35.0,43.6
100.0,9.1,0.6,3.6,52.0,3.1,90.0,57.0,13.0,100.0,433154.0,1.0,3.0,1.0,2.0,7.0,21.0,0.0,0.0,0.0,1.0,0.0,0.0,3.0,211.0,257.4,314.2,76.0,65.0
166.0,6.7,0.2,1.7,52.0,3.7,11.0,78.0,2.0,100.0,212319.0,0.0,4.0,2.0,5.0,3.0,12.0,0.0,0.0,0.0,2.0,1.0,0.0,8.0,173.0,252.8,154.2,454.0,86.0
62.0,10.6,1.0,4.8,51.0,3.0,36.0,48.0,6.0,100.0,83299.0,1.0,2.0,2.0,0.0,4.0,26.0,1.0,0.0,0.0,4.0,1.0,0.0,6.0,285.0,349.6,61.5,209.0,62.0
303.0,5.8,0.3,2.5,51.0,3.2,1.0,88.0,2.0,100.0,148225.0,1.0,4.0,2.0,5.0,3.0,21.0,0.0,0.0,0.0,0.0,1.0,0.0,2.0,169.0,199.2,205.8,494.0,89.6
92.0,11.4,0.7,3.2,50.0,3.3,90.0,44.0,1.0,100.0,68983.0,0.0,2.0,0.0,0.0,6.0,16.0,0.0,0.0,0.0,2.0,0.0,0.0,2.0,230.0,218.2,84.0,26.0,32.9
483.0,10.9,0.7,3.2,50.0,2.5,49.0,46.0,3.0,0.0,225321.0,0.0,1.0,0.0,0.0,1.0,33.0,0.0,0.0,0.0,1.0,0.0,67.0,2.0,316.0,449.8,10.0,4.0,46.4
243.0,9.4,0.3,1.6,50.0,2.6,14.0,53.0,0.0,0.0,41733.0,0.0,3.0,1.0,1.0,5.0,20.0,0.0,0.0,0.0,0.0,0.0,0.0,1.0,244.0,202.4,230.2,169.0,60.2
45.0,8.6,0.2,1.2,50.0,4.2,7.0,58.0,1.0,0.0,193488.0,1.0,3.0,5.0,0.0,3.0,5.0,0.0,0.0,0.0,1.0,0.0,0.0,6.0,165.0,253.6,157.1,390.0,80.2
157.0,10.2,0.6,2.7,49.0,3.1,11.0,48.0,3.0,0.0,111234.0,0.0,1.0,0.0,0.0,3.0,20.0,0.0,0.0,0.0,1.0,0.0,46.0,3.0,265.0,350.8,10.0,0.0,36.1
181.0,9.2,0.2,1.2,49.0,2.9,54.0,53.0,2.0,100.0,96994.0,1.0,4.0,4.0,1.0,5.0,14.0,0.0,0.0,0.0,5.0,0.0,0.0,5.0,212.0,235.6,108.2,254.0,59.7
358.0,9.1,0.6,3.2,49.0,2.6,35.0,54.0,1.0,100.0,171975.0,1.0,4.0,2.0,3.0,2.0,31.0,0.0,0.0,0.0,0.0,0.0,0.0,4.0,165.0,126.8,172.8,197.0,48.9
74.0,11.1,0.8,3.4,49.0,2.6,36.0,44.0,8.0,100.0,198869.0,0.0,2.0,0.0,0.0,5.0,28.0,0.0,0.0,0.0,2.0,0.0,0.0,2.0,291.0,258.8,107.1,42.0,41.0
191.0,10.9,0.7,3.0,49.0,2.6,54.0,45.0,3.0,0.0,203325.0,0.0,3.0,0.0,3.0,4.0,21.0,0.0,0.0,0.0,4.0,0.0,0.0,4.0,264.0,340.2,242.3,167.0,75.3
448.0,10.2,0.5,2.6,49.0,2.5,21.0,48.0,2.0,0.0,204480.0,0.0,3.0,0.0,1.0,7.0,24.0,0.0,0.0,0.0,1.0,0.0,0.0,0.0,313.0,309.8,267.7,146.0,72.7
308.0,10.2,0.2,1.0,49.0,3.5,1.0,48.0,0.0,100.0,184667.0,0.0,2.0,1.0,1.0,4.0,16.0,0.0,0.0,0.0,0.0,0.0,0.0,1.0,250.0,276.8,53.1,52.0,38.2
572.0,10.9,0.6,2.8,49.0,3.3,54.0,45.0,6.0,0.0,109646.0,1.0,2.0,0.0,1.0,4.0,16.0,0.0,0.0,0.0,1.0,0.0,0.0,5.0,259.0,309.8,28.2,89.0,43.0
57.0,8.4,0.3,1.6,49.0,3.1,36.0,58.0,3.0,0.0,60307.0,0.0,3.0,2.0,2.0,3.0,12.0,0.0,0.0,0.0,1.0,0.0,0.0,6.0,204.0,240.0,401.2,163.0,80.4
466.0,9.4,0.9,4.6,49.0,2.5,39.0,52.0,3.0,100.0,171317.0,0.0,3.0,2.0,0.0,4.0,25.0,0.0,0.0,0.0,3.0,0.0,0.0,3.0,264.0,349.6,245.8,241.0,83.8
133.0,9.6,0.4,2.0,48.0,2.5,31.0,50.0,2.0,0.0,55037.0,0.0,3.0,1.0,0.0,3.0,29.0,0.0,0.0,0.0,0.0,0.0,0.0,2.0,245.0,322.0,55.2,120.0,49.9
339.0,8.6,0.5,2.7,48.0,2.7,4.0,56.0,9.0,0.0,179018.0,0.0,3.0,2.0,1.0,2.0,22.0,0.0,0.0,0.0,1.0,0.0,0.0,4.0,181.0,247.4,234.0,195.0,67.7
459.0,10.0,0.5,2.2,48.0,2.5,39.0,48.0,6.0,100.0,94147.0,0.0,2.0,0.0,0.0,5.0,28.0,0.0,0.0,0.0,3.0,0.0,0.0,2.0,287.0,330.2,25.3,17.0,37.5
561.0,9.6,0.5,2.5,48.0,3.2,13.0,50.0,2.0,100.0,444463.0,1.0,2.0,0.0,1.0,5.0,14.0,0.0,0.0,0.0,4.0,0.0,0.0,4.0,275.0,314.2,50.5,55.0,42.0
300.0,9.8,0.7,3.3,47.0,2.9,1.0,48.0,1.0,100.0,106760.0,1.0,2.0,0.0,1.0,4.0,19.0,1.0,0.0,0.0,4.0,0.0,0.0,11.0,282.0,244.0,428.3,75.0,74.9
309.0,9.6,0.3,1.3,47.0,2.8,1.0,49.0,0.0,100.0,195851.0,1.0,3.0,2.0,1.0,3.0,14.0,0.0,0.0,0.0,0.0,0.0,0.0,3.0,202.0,277.0,145.8,87.0,50.9
386.0,8.7,0.6,3.2,47.0,4.3,6.0,54.0,0.0,100.0,55605.0,1.0,2.0,1.0,0.0,5.0,10.0,1.0,0.0,0.0,0.0,0.0,0.0,4.0,219.0,286.2,62.5,74.0,42.4
66.0,10.7,0.7,3.0,47.0,2.5,36.0,44.0,6.0,0.0,110735.0,0.0,2.0,0.0,0.0,5.0,26.0,0.0,0.0,0.0,3.0,0.0,0.0,0.0,272.0,289.0,77.2,200.0,56.5
105.0,10.0,0.3,1.5,47.0,3.9,8.0,47.0,3.0,100.0,85955.0,2.0,3.0,3.0,2.0,5.0,8.0,0.0,0.0,2.0,0.0,0.0,0.0,4.0,189.0,244.2,123.6,101.0,47.0
494.0,9.4,0.0,0.0,47.0,3.9,3.0,50.0,0.0,100.0,226597.0,1.0,2.0,2.0,0.0,3.0,13.0,0.0,0.0,0.0,1.0,1.0,0.0,6.0,224.0,300.0,22.3,138.0,46.0
468.0,7.1,0.0,0.0,47.0,5.2,14.0,66.0,0.0,0.0,194634.0,0.0,3.0,5.0,0.0,1.0,11.0,0.0,0.0,0.0,0.0,0.0,0.0,7.0,138.0,198.0,95.3,266.0,56.0
197.0,10.2,0.6,2.5,46.0,2.4,2.0,45.0,2.0,0.0,66588.0,0.0,2.0,0.0,0.0,6.0,35.0,0.0,0.0,0.0,3.0,0.0,0.0,1.0,350.0,445.6,251.5,164.0,86.1
187.0,8.7,0.7,3.8,46.0,2.7,54.0,53.0,3.0,100.0,166324.0,1.0,3.0,2.0,0.0,3.0,23.0,0.0,0.0,1.0,1.0,0.0,0.0,4.0,107.0,178.8,295.1,357.0,83.0
389.0,8.8,0.5,2.5,46.0,4.6,6.0,52.0,0.0,100.0,80226.0,0.0,2.0,2.0,1.0,3.0,11.0,0.0,0.0,0.0,0.0,0.0,0.0,2.0,202.0,254.6,124.8,115.0,49.5
130.0,8.7,0.8,4.0,45.0,2.5,31.0,52.0,2.0,0.0,50471.0,0.0,3.0,0.0,2.0,4.0,26.0,0.0,0.0,0.0,3.0,0.0,0.0,3.0,228.0,285.2,202.2,65.0,55.2
485.0,9.8,0.3,1.2,45.0,3.2,4.0,46.0,2.0,100.0,83314.0,1.0,3.0,2.0,1.0,2.0,17.0,0.0,0.0,0.0,0.0,0.0,0.0,3.0,161.0,184.6,66.7,83.0,33.1
244.0,8.3,0.3,1.6,45.0,3.0,14.0,54.0,0.0,75.0,56979.0,0.0,3.0,1.0,2.0,4.0,12.0,0.0,0.0,0.0,0.0,0.0,0.0,2.0,250.0,267.4,205.8,95.0,56.9
512.0,8.7,0.2,1.0,45.0,2.6,11.0,52.0,0.0,100.0,121599.0,1.0,3.0,1.0,2.0,4.0,21.0,0.0,0.0,0.0,5.0,0.0,0.0,2.0,255.0,265.6,188.8,202.0,65.6
286.0,8.3,0.6,3.4,45.0,2.5,43.0,54.0,3.0,0.0,220566.0,0.0,3.0,0.0,1.0,8.0,13.0,0.0,0.0,0.0,3.0,0.0,0.0,3.0,266.0,307.0,281.0,186.0,77.5
159.0,7.5,0.5,3.0,44.0,2.8,11.0,59.0,1.0,0.0,153133.0,1.0,3.0,1.0,3.0,4.0,11.0,0.0,0.0,0.0,0.0,0.0,0.0,1.0,181.0,209.0,173.6,181.0,56.4
396.0,9.0,0.4,2.0,44.0,2.4,6.0,49.0,0.0,100.0,132015.0,0.0,3.0,0.0,2.0,6.0,17.0,0.0,0.0,0.0,4.0,0.0,0.0,0.0,245.0,329.2,152.9,74.0,55.7
142.0,8.1,0.3,1.5,44.0,2.9,31.0,54.0,0.0,0.0,86417.0,1.0,3.0,2.0,1.0,4.0,17.0,0.0,0.0,0.0,2.0,0.0,0.0,3.0,121.0,219.8,158.1,230.0,60.7
500.0,5.4,0.2,2.0,44.0,2.6,8.0,82.0,3.0,100.0,219847.0,0.0,3.0,1.0,3.0,4.0,12.0,0.0,0.0,0.0,2.0,0.0,0.0,0.0,156.0,159.8,203.0,179.0,54.0
460.0,5.2,0.0,0.0,43.0,4.3,39.0,82.0,0.0,0.0,102057.0,0.0,4.0,4.0,1.0,4.0,10.0,1.0,0.0,0.0,0.0,0.0,0.0,7.0,148.0,177.4,96.2,275.0,55.0
52.0,8.8,0.6,3.0,43.0,2.5,7.0,49.0,5.0,100.0,230046.0,0.0,3.0,0.0,2.0,8.0,21.0,0.0,0.0,0.0,2.0,1.0,0.0,0.0,199.0,217.2,197.7,98.0,51.5
470.0,10.8,0.4,1.8,43.0,3.9,39.0,40.0,6.0,0.0,214048.0,1.0,2.0,0.0,1.0,4.0,7.0,0.0,0.0,0.0,1.0,0.0,0.0,6.0,174.0,145.0,39.3,45.0,22.8
478.0,5.6,0.1,0.6,42.0,2.8,3.0,75.0,1.0,100.0,47431.0,1.0,3.0,0.0,4.0,2.0,13.0,0.0,0.0,0.0,0.0,0.0,0.0,2.0,175.0,130.6,300.0,118.0,55.1
546.0,7.9,0.4,2.0,42.0,2.5,39.0,53.0,6.0,0.0,200402.0,0.0,2.0,0.0,1.0,4.0,24.0,1.0,0.0,0.0,4.0,0.0,0.0,2.0,269.0,310.6,199.8,110.0,62.3
364.0,9.3,0.2,0.8,42.0,2.8,20.0,45.0,0.0,0.0,78056.0,0.0,3.0,1.0,1.0,6.0,16.0,0.0,0.0,0.0,5.0,0.0,0.0,4.0,205.0,284.0,191.7,94.0,57.0
155.0,6.8,0.4,2.3,41.0,4.1,11.0,60.0,2.0,100.0,101188.0,1.0,2.0,0.0,6.0,1.0,16.0,0.0,0.0,0.0,0.0,1.0,0.0,8.0,206.0,235.8,277.4,66.0,58.1
569.0,5.2,0.3,2.2,41.0,3.2,1.0,79.0,1.0,100.0,40720.0,1.0,4.0,4.0,2.0,2.0,5.0,0.0,0.0,0.0,1.0,0.0,0.0,4.0,153.0,200.8,60.7,267.0,52.4
246.0,7.6,0.0,0.2,41.0,4.6,14.0,54.0,0.0,100.0,60914.0,1.0,2.0,1.0,2.0,3.0,5.0,0.0,0.0,0.0,2.0,0.0,0.0,5.0,179.0,170.8,41.8,84.0,29.7
98.0,8.4,0.4,2.2,41.0,2.3,90.0,49.0,1.0,75.0,172782.0,0.0,3.0,0.0,0.0,7.0,18.0,0.0,0.0,0.0,1.0,0.0,0.0,0.0,203.0,222.0,156.5,194.0,57.4
441.0,6.7,0.1,0.6,41.0,2.6,21.0,61.0,0.0,0.0,103123.0,0.0,4.0,3.0,0.0,3.0,12.0,0.0,0.0,0.0,0.0,0.0,0.0,4.0,113.0,169.6,131.6,361.0,66.2
106.0,6.8,0.3,2.0,40.0,3.6,7.0,59.0,2.0,100.0,88894.0,1.0,3.0,2.0,1.0,4.0,12.0,0.0,0.0,0.0,0.0,0.0,0.0,4.0,136.0,157.6,283.3,267.0,70.8
443.0,9.1,0.0,0.0,40.0,3.3,21.0,44.0,0.0,100.0,166640.0,0.0,2.0,1.0,0.0,4.0,16.0,0.0,0.0,0.0,1.0,0.0,0.0,0.0,185.0,240.4,7.7,75.0,32.4
114.0,4.9,0.2,1.8,40.0,3.6,8.0,81.0,3.0,100.0,124183.0,2.0,3.0,1.0,3.0,5.0,6.0,0.0,0.0,0.0,3.0,0.0,0.0,6.0,138.0,155.2,278.4,177.0,61.2
422.0,8.9,0.1,0.4,40.0,2.1,35.0,45.0,0.0,0.0,176420.0,0.0,2.0,1.0,2.0,2.0,40.0,1.0,0.0,0.0,2.0,0.0,0.0,2.0,222.0,288.8,165.0,163.0,61.8
253.0,7.4,0.3,1.4,40.0,2.4,14.0,54.0,0.0,100.0,116643.0,0.0,3.0,0.0,1.0,6.0,18.0,0.0,0.0,0.0,4.0,0.0,0.0,2.0,264.0,309.2,60.6,16.0,38.9
132.0,7.1,0.5,2.8,39.0,2.8,31.0,55.0,5.0,100.0,54861.0,1.0,4.0,3.0,2.0,1.0,13.0,0.0,0.0,0.0,0.0,1.0,0.0,3.0,103.0,163.6,122.1,375.0,65.9
9.0,7.5,0.7,3.4,39.0,2.4,3.0,52.0,5.0,100.0,84450.0,0.0,3.0,1.0,1.0,6.0,13.0,0.0,0.0,0.0,2.0,1.0,0.0,1.0,206.0,230.4,104.2,85.0,42.0
95.0,7.8,0.6,3.0,39.0,2.8,90.0,50.0,1.0,100.0,90517.0,0.0,3.0,1.0,1.0,7.0,4.0,0.0,0.0,0.0,2.0,0.0,0.0,3.0,140.0,156.2,128.1,159.0,44.4
113.0,7.8,0.0,0.2,38.0,2.2,8.0,49.0,0.0,75.0,116594.0,0.0,3.0,0.0,1.0,6.0,21.0,0.0,0.0,0.0,5.0,0.0,0.0,0.0,245.0,274.6,220.8,31.0,52.9
287.0,5.5,0.1,1.0,38.0,3.2,43.0,69.0,1.0,100.0,224444.0,0.0,3.0,2.0,2.0,4.0,6.0,0.0,0.0,0.0,1.0,0.0,0.0,0.0,88.0,112.8,103.3,279.0,49.3
102.0,6.8,0.6,3.2,38.0,3.8,8.0,56.0,7.0,0.0,41328.0,0.0,2.0,0.0,1.0,5.0,7.0,0.0,0.0,0.0,3.0,0.0,0.0,2.0,174.0,167.6,132.4,72.0,37.2
340.0,6.7,0.2,1.0,38.0,2.4,4.0,57.0,0.0,0.0,180974.0,1.0,4.0,1.0,2.0,2.0,18.0,0.0,0.0,0.0,2.0,0.0,0.0,2.0,132.0,169.8,125.3,230.0,52.6
419.0,7.9,0.3,1.4,38.0,2.0,35.0,48.0,0.0,0.0,146426.0,0.0,2.0,2.0,1.0,1.0,48.0,0.0,0.0,0.0,3.0,0.0,0.0,2.0,233.0,374.4,30.9,103.0,50.7
140.0,6.6,0.4,2.0,37.0,2.3,31.0,56.0,4.0,100.0,80146.0,0.0,4.0,1.0,2.0,2.0,20.0,0.0,0.0,0.0,0.0,0.0,0.0,2.0,104.0,118.6,86.7,207.0,41.2
464.0,7.9,0.3,1.2,37.0,2.5,39.0,47.0,3.0,100.0,151589.0,0.0,3.0,0.0,2.0,6.0,14.0,0.0,0.0,0.0,3.0,0.0,0.0,0.0,121.0,141.8,206.4,255.0,60.2
442.0,8.6,0.0,0.0,37.0,3.7,21.0,43.0,0.0,0.0,105717.0,1.0,2.0,0.0,1.0,4.0,12.0,0.0,0.0,0.0,1.0,0.0,0.0,4.0,179.0,142.6,172.1,60.0,37.5
67.0,8.6,0.9,3.8,37.0,2.5,36.0,43.0,8.0,0.0,111478.0,2.0,2.0,0.0,0.0,3.0,17.0,0.0,0.0,0.0,2.0,0.0,0.0,6.0,208.0,246.6,186.8,24.0,45.7
204.0,7.6,0.3,1.5,37.0,2.5,2.0,49.0,2.0,100.0,155405.0,0.0,3.0,0.0,2.0,5.0,24.0,0.0,0.0,0.0,5.0,0.0,0.0,2.0,227.0,318.2,272.6,52.0,64.5
544.0,6.7,0.1,0.8,37.0,2.6,35.0,55.0,0.0,100.0,232787.0,0.0,3.0,2.0,0.0,2.0,27.0,0.0,0.0,0.0,6.0,0.0,0.0,3.0,173.0,237.4,133.9,161.0,53.2
165.0,7.5,0.4,1.7,36.0,4.0,11.0,48.0,2.0,100.0,194164.0,1.0,2.0,1.0,0.0,3.0,8.0,0.0,0.0,0.0,3.0,0.0,0.0,4.0,169.0,192.4,67.4,61.0,32.1
281.0,4.9,0.5,3.6,36.0,2.8,43.0,74.0,4.0,100.0,165809.0,0.0,3.0,1.0,1.0,6.0,4.0,0.0,0.0,0.0,1.0,0.0,0.0,1.0,168.0,161.0,192.5,210.0,56.5
571.0,8.0,0.6,2.5,36.0,2.8,54.0,45.0,6.0,100.0,174874.0,0.0,2.0,0.0,0.0,4.0,13.0,0.0,0.0,0.0,2.0,1.0,0.0,2.0,201.0,224.4,18.5,13.0,25.7
588.0,6.5,0.0,0.0,36.0,4.0,36.0,55.0,0.0,0.0,50175.0,1.0,4.0,2.0,2.0,2.0,9.0,0.0,0.0,0.0,0.0,0.0,0.0,6.0,114.0,111.8,94.8,256.0,46.3
76.0,8.0,0.2,1.0,36.0,2.0,36.0,45.0,2.0,100.0,227127.0,0.0,3.0,1.0,0.0,4.0,25.0,0.0,0.0,0.0,6.0,1.0,0.0,2.0,224.0,254.6,145.7,110.0,50.8
282.0,4.0,0.2,1.6,36.0,3.3,43.0,91.0,1.0,100.0,205651.0,0.0,4.0,2.0,2.0,4.0,5.0,0.0,0.0,0.0,1.0,0.0,0.0,4.0,114.0,133.4,169.5,245.0,54.8
184.0,6.5,0.1,0.5,36.0,2.4,54.0,55.0,1.0,100.0,128389.0,0.0,4.0,2.0,2.0,1.0,13.0,0.0,0.0,1.0,2.0,0.0,0.0,3.0,94.0,151.4,158.1,391.0,68.6
205.0,7.1,0.0,0.2,36.0,3.3,2.0,51.0,0.0,0.0,165808.0,1.0,3.0,2.0,2.0,2.0,17.0,1.0,0.0,0.0,0.0,0.0,0.0,2.0,98.0,154.6,112.7,192.0,45.8
87.0,5.8,0.4,2.4,35.0,2.3,90.0,60.0,0.0,75.0,44699.0,0.0,4.0,2.0,0.0,5.0,15.0,0.0,0.0,0.0,4.0,0.0,0.0,4.0,70.0,111.4,183.4,348.0,63.9
115.0,5.9,0.3,1.8,35.0,2.5,54.0,59.0,3.0,100.0,126187.0,0.0,3.0,1.0,0.0,6.0,9.0,0.0,0.0,0.0,1.0,0.0,0.0,0.0,93.0,107.0,98.0,237.0,44.4
77.0,7.4,0.0,0.0,35.0,3.2,36.0,47.0,0.0,0.0,232792.0,0.0,2.0,1.0,3.0,2.0,15.0,0.0,0.0,0.0,2.0,1.0,0.0,2.0,156.0,147.8,162.9,156.0,46.7
346.0,6.2,0.6,3.2,35.0,2.5,49.0,56.0,5.0,100.0,47247.0,0.0,3.0,0.0,3.0,1.0,20.0,0.0,0.0,0.0,1.0,0.0,0.0,1.0,173.0,169.2,279.0,77.0,52.5
225.0,6.7,0.0,0.0,35.0,2.7,13.0,52.0,0.0,0.0,106837.0,0.0,3.0,1.0,2.0,3.0,8.0,0.0,0.0,0.0,0.0,0.0,0.0,1.0,119.0,118.4,126.4,114.0,35.7
221.0,6.6,0.7,3.8,35.0,2.5,13.0,53.0,2.0,0.0,51938.0,0.0,3.0,0.0,3.0,4.0,9.0,0.0,0.0,0.0,2.0,0.0,0.0,0.0,149.0,182.6,221.7,138.0,54.0
119.0,4.1,0.2,1.8,34.0,2.6,8.0,82.0,1.0,100.0,176413.0,0.0,3.0,1.0,1.0,4.0,13.0,0.0,0.0,0.0,1.0,0.0,0.0,0.0,114.0,137.2,171.0,328.0,63.5
395.0,7.4,0.4,2.0,34.0,2.6,6.0,46.0,0.0,75.0,115556.0,0.0,2.0,0.0,2.0,2.0,8.0,0.0,0.0,0.0,0.0,0.0,0.0,1.0,155.0,148.4,110.2,58.0,31.6
323.0,7.2,0.4,2.0,34.0,2.1,4.0,47.0,0.0,0.0,57145.0,0.0,2.0,0.0,0.0,3.0,26.0,1.0,0.0,0.0,2.0,0.0,0.0,4.0,252.0,332.2,55.1,14.0,40.0
501.0,7.0,0.3,1.2,33.0,2.1,3.0,47.0,0.0,50.0,182539.0,0.0,3.0,0.0,1.0,4.0,12.0,0.0,0.0,0.0,3.0,0.0,0.0,3.0,207.0,230.6,259.6,51.0,54.3
367.0,7.2,1.0,4.8,33.0,3.7,20.0,46.0,1.0,0.0,88900.0,1.0,2.0,0.0,0.0,4.0,14.0,0.0,0.0,0.0,1.0,0.0,0.0,6.0,180.0,196.6,50.3,27.0,27.6
465.0,5.5,0.4,2.4,33.0,1.7,39.0,60.0,3.0,100.0,159533.0,0.0,3.0,0.0,1.0,2.0,21.0,0.0,0.0,0.0,3.0,0.0,0.0,0.0,146.0,182.4,366.2,185.0,73.3
446.0,6.5,0.1,0.6,33.0,2.2,35.0,51.0,0.0,0.0,179830.0,0.0,3.0,1.0,0.0,1.0,28.0,0.0,0.0,0.0,0.0,0.0,0.0,0.0,95.0,152.4,88.5,151.0,39.2
491.0,7.4,0.0,0.0,32.0,2.9,2.0,43.0,0.0,0.0,193645.0,1.0,2.0,0.0,0.0,4.0,17.0,0.0,0.0,0.0,0.0,0.0,0.0,2.0,180.0,176.0,48.9,89.0,31.4
563.0,6.4,0.4,2.2,32.0,2.9,39.0,50.0,1.0,75.0,448514.0,1.0,2.0,1.0,1.0,1.0,11.0,0.0,0.0,0.0,0.0,0.0,0.0,5.0,136.0,136.6,99.2,102.0,33.8
236.0,6.7,0.9,4.2,32.0,2.9,13.0,48.0,1.0,75.0,203341.0,0.0,3.0,1.0,0.0,5.0,8.0,0.0,0.0,0.0,2.0,0.0,0.0,4.0,171.0,216.4,41.4,17.0,27.5
597.0,7.3,0.9,3.8,32.0,3.6,36.0,44.0,6.0,0.0,215059.0,0.0,1.0,0.0,0.0,3.0,10.0,0.0,0.0,0.0,0.0,0.0,23.0,3.0,164.0,199.0,0.0,0.0,19.9
146.0,8.2,1.0,3.8,32.0,2.9,31.0,39.0,1.0,100.0,244723.0,1.0,2.0,0.0,1.0,3.0,17.0,0.0,0.0,0.0,1.0,0.0,0.0,2.0,155.0,184.4,48.8,21.0,25.5
385.0,6.7,0.2,0.8,32.0,2.1,6.0,48.0,0.0,100.0,45268.0,0.0,3.0,0.0,0.0,5.0,13.0,0.0,0.0,0.0,2.0,0.0,0.0,2.0,152.0,127.6,54.3,47.0,23.0
518.0,7.0,0.0,0.2,31.0,2.1,13.0,44.0,1.0,0.0,86881.0,0.0,3.0,0.0,1.0,4.0,17.0,0.0,0.0,0.0,4.0,0.0,0.0,0.0,182.0,119.4,77.8,9.0,20.7
195.0,7.2,0.2,1.0,31.0,2.4,2.0,43.0,2.0,100.0,55914.0,0.0,2.0,1.0,0.0,3.0,27.0,0.0,0.0,0.0,3.0,0.0,0.0,1.0,257.0,337.6,9.3,77.0,42.4
122.0,5.4,0.6,3.2,31.0,2.8,8.0,57.0,3.0,100.0,209046.0,0.0,3.0,2.0,1.0,2.0,4.0,0.0,0.0,0.0,0.0,0.0,0.0,1.0,132.0,156.2,215.3,158.0,53.0
582.0,5.3,0.1,0.8,31.0,2.4,35.0,58.0,2.0,100.0,180294.0,0.0,4.0,1.0,0.0,3.0,20.0,0.0,0.0,0.0,1.0,0.0,0.0,3.0,76.0,82.2,57.7,236.0,37.3
566.0,6.2,0.3,1.7,31.0,2.6,11.0,50.0,2.0,100.0,198826.0,0.0,2.0,0.0,0.0,3.0,11.0,0.0,0.0,0.0,3.0,0.0,0.0,1.0,181.0,194.6,38.6,19.0,25.3
103.0,4.6,0.1,1.0,31.0,2.8,8.0,67.0,2.0,100.0,44346.0,1.0,4.0,3.0,0.0,2.0,4.0,0.0,0.0,0.0,1.0,0.0,0.0,3.0,100.0,123.6,98.6,311.0,53.4
413.0,6.5,0.3,1.6,31.0,1.7,35.0,48.0,2.0,0.0,61600.0,0.0,3.0,0.0,0.0,1.0,40.0,1.0,0.0,0.0,2.0,0.0,0.0,0.0,185.0,149.8,101.1,13.0,26.3
484.0,7.0,0.0,0.0,31.0,2.2,54.0,44.0,0.0,100.0,169528.0,0.0,2.0,0.0,0.0,3.0,15.0,0.0,0.0,0.0,3.0,1.0,0.0,1.0,222.0,277.6,303.9,122.0,70.6
382.0,5.6,0.1,0.8,30.0,2.3,20.0,54.0,0.0,0.0,431131.0,0.0,3.0,1.0,2.0,3.0,9.0,0.0,0.0,0.0,3.0,0.0,0.0,0.0,91.0,98.8,71.3,123.0,29.0
78.0,5.8,0.2,1.0,30.0,2.7,36.0,52.0,0.0,100.0,233425.0,0.0,4.0,2.0,1.0,1.0,13.0,0.0,0.0,0.0,0.0,0.0,0.0,2.0,78.0,98.8,59.4,217.0,37.4
144.0,6.8,0.2,0.8,30.0,1.9,31.0,44.0,1.0,100.0,173954.0,1.0,3.0,1.0,0.0,2.0,13.0,0.0,0.0,0.0,0.0,0.0,0.0,1.0,111.0,131.8,78.3,43.0,25.4
373.0,6.8,0.5,2.0,30.0,2.0,54.0,44.0,2.0,100.0,153366.0,0.0,3.0,0.0,1.0,3.0,18.0,0.0,0.0,0.0,3.0,0.0,0.0,0.0,174.0,195.6,159.3,30.0,38.6
338.0,5.9,0.1,0.3,30.0,3.0,4.0,51.0,1.0,100.0,170137.0,0.0,3.0,1.0,1.0,3.0,11.0,0.0,0.0,0.0,0.0,0.0,0.0,2.0,89.0,125.4,111.3,89.0,32.6
400.0,4.3,0.4,2.8,30.0,2.5,6.0,70.0,0.0,100.0,194252.0,0.0,3.0,0.0,2.0,5.0,6.0,0.0,0.0,0.0,1.0,0.0,0.0,0.0,46.0,62.2,105.5,96.0,25.8
497.0,6.1,0.3,1.3,30.0,2.3,4.0,49.0,2.0,0.0,114243.0,1.0,3.0,1.0,1.0,1.0,16.0,0.0,0.0,0.0,2.0,0.0,0.0,2.0,105.0,144.0,111.2,108.0,36.3
345.0,6.5,0.3,1.4,30.0,1.5,49.0,46.0,2.0,0.0,40386.0,0.0,2.0,0.0,0.0,0.0,32.0,0.0,0.0,0.0,1.0,0.0,0.0,2.0,250.0,320.6,135.4,100.0,55.6
457.0,5.1,0.1,0.8,29.0,3.6,6.0,57.0,0.0,75.0,87835.0,1.0,2.0,0.0,1.0,3.0,6.0,0.0,0.0,0.0,1.0,1.0,0.0,3.0,120.0,134.4,94.8,53.0,28.4
107.0,5.5,0.4,2.0,29.0,1.9,8.0,53.0,3.0,100.0,91651.0,0.0,3.0,0.0,1.0,4.0,15.0,0.0,0.0,0.0,2.0,0.0,0.0,0.0,168.0,162.4,173.9,69.0,40.5
18.0,3.8,0.2,1.4,29.0,2.2,3.0,76.0,6.0,100.0,195735.0,0.0,3.0,3.0,0.0,0.0,11.0,0.0,0.0,0.0,1.0,1.0,0.0,1.0,93.0,130.2,51.1,183.0,36.3
315.0,4.1,0.2,1.5,29.0,2.1,1.0,70.0,2.0,100.0,220688.0,0.0,3.0,1.0,0.0,2.0,15.0,0.0,0.0,0.0,1.0,0.0,0.0,0.0,88.0,69.4,96.4,247.0,41.1
134.0,6.7,0.8,3.5,29.0,2.6,31.0,43.0,1.0,100.0,55494.0,0.0,2.0,0.0,1.0,3.0,19.0,0.0,0.0,0.0,3.0,0.0,0.0,2.0,153.0,174.6,75.2,15.0,26.5
454.0,5.6,0.3,1.8,29.0,1.6,39.0,52.0,1.0,100.0,19624.0,0.0,3.0,0.0,0.0,2.0,25.0,0.0,0.0,0.0,2.0,1.0,0.0,0.0,180.0,198.4,320.5,38.0,56.0
283.0,5.3,1.0,5.6,29.0,4.8,43.0,55.0,6.0,100.0,206325.0,1.0,2.0,0.0,0.0,4.0,1.0,0.0,0.0,0.0,0.0,0.0,0.0,2.0,119.0,69.2,48.1,25.0,14.3
576.0,6.4,1.3,5.8,29.0,5.8,21.0,45.0,9.0,0.0,60232.0,1.0,2.0,1.0,0.0,3.0,3.0,0.0,0.0,0.0,0.0,0.0,0.0,2.0,103.0,93.4,12.3,43.0,14.9
360.0,5.9,0.0,0.0,29.0,2.2,49.0,49.0,0.0,0.0,207189.0,0.0,3.0,1.0,1.0,0.0,19.0,0.0,0.0,0.0,4.0,0.0,0.0,1.0,148.0,175.8,168.9,126.0,47.0
504.0,5.6,0.4,2.2,29.0,2.1,39.0,52.0,0.0,0.0,449988.0,0.0,4.0,2.0,0.0,0.0,18.0,0.0,0.0,0.0,2.0,0.0,0.0,2.0,79.0,80.6,89.5,321.0,48.9
23.0,6.4,1.0,4.6,29.0,4.8,3.0,45.0,2.0,75.0,209289.0,0.0,3.0,0.0,4.0,5.0,1.0,0.0,0.0,0.0,0.0,0.0,0.0,0.0,102.0,93.2,131.2,68.0,29.3
357.0,5.0,0.0,0.0,28.0,2.2,49.0,56.0,0.0,25.0,169432.0,0.0,4.0,1.0,1.0,0.0,17.0,0.0,0.0,0.0,1.0,0.0,0.0,2.0,62.0,132.6,129.6,342.0,60.0
229.0,4.7,0.2,1.0,28.0,2.3,13.0,60.0,2.0,0.0,168580.0,0.0,3.0,1.0,0.0,2.0,8.0,0.0,0.0,0.0,1.0,0.0,0.0,2.0,70.0,124.8,172.3,258.0,55.8
509.0,6.5,0.7,2.8,28.0,2.0,49.0,43.0,2.0,100.0,199598.0,1.0,2.0,0.0,0.0,1.0,21.0,0.0,0.0,0.0,1.0,0.0,0.0,3.0,186.0,248.2,133.2,31.0,41.4
39.0,6.4,0.0,0.0,28.0,7.0,7.0,44.0,0.0,0.0,123354.0,1.0,2.0,1.0,0.0,3.0,1.0,0.0,0.0,0.0,1.0,0.0,0.0,3.0,89.0,91.0,1.5,49.0,14.2
299.0,5.3,0.2,1.2,28.0,2.0,1.0,53.0,0.0,0.0,101582.0,0.0,3.0,0.0,0.0,5.0,13.0,0.0,0.0,0.0,3.0,0.0,0.0,0.0,177.0,197.0,167.9,69.0,43.4
351.0,5.5,0.2,0.8,27.0,1.6,49.0,49.0,2.0,100.0,82691.0,0.0,2.0,0.0,1.0,0.0,28.0,0.0,0.0,0.0,2.0,0.0,0.0,0.0,175.0,191.4,201.6,178.0,57.3
83.0,6.3,0.8,3.4,27.0,2.2,90.0,43.0,4.0,100.0,39487.0,0.0,2.0,0.0,1.0,2.0,10.0,1.0,0.0,0.0,0.0,0.0,0.0,2.0,113.0,100.2,42.3,39.0,18.1
175.0,5.2,0.0,0.0,27.0,2.7,54.0,52.0,0.0,0.0,76357.0,0.0,3.0,1.0,1.0,1.0,15.0,0.0,0.0,0.0,2.0,0.0,0.0,2.0,160.0,170.6,278.3,124.0,57.3
108.0,4.7,0.3,1.8,27.0,2.2,31.0,57.0,6.0,100.0,94245.0,0.0,4.0,1.0,2.0,1.0,10.0,0.0,0.0,0.0,0.0,0.0,0.0,1.0,73.0,84.2,72.5,156.0,31.1
54.0,4.4,0.0,0.2,27.0,1.9,36.0,62.0,0.0,100.0,39155.0,0.0,3.0,0.0,1.0,3.0,8.0,0.0,0.0,0.0,0.0,0.0,0.0,0.0,117.0,90.6,196.4,117.0,40.0
40.0,5.2,0.1,0.5,27.0,2.5,7.0,52.0,1.0,100.0,148508.0,0.0,3.0,0.0,1.0,4.0,10.0,0.0,0.0,0.0,0.0,0.0,0.0,0.0,78.0,115.8,122.2,343.0,57.9
355.0,5.3,0.4,2.0,26.0,1.7,49.0,49.0,6.0,100.0,153723.0,0.0,3.0,0.0,2.0,2.0,18.0,0.0,0.0,1.0,5.0,1.0,0.0,2.0,127.0,161.2,266.3,173.0,60.0
424.0,6.0,0.4,1.8,26.0,2.0,49.0,43.0,6.0,100.0,197937.0,0.0,3.0,1.0,1.0,1.0,11.0,0.0,0.0,0.0,2.0,0.0,0.0,0.0,68.0,88.2,152.1,298.0,53.3
324.0,5.8,0.3,1.5,26.0,2.6,4.0,45.0,0.0,0.0,58845.0,0.0,2.0,1.0,0.0,2.0,17.0,0.0,0.0,0.0,2.0,0.0,0.0,0.0,142.0,203.4,16.2,69.0,29.0
513.0,6.2,0.2,0.7,26.0,1.5,4.0,42.0,1.0,100.0,194799.0,0.0,2.0,0.0,0.0,2.0,27.0,0.0,0.0,0.0,4.0,0.0,0.0,1.0,164.0,176.8,163.6,23.0,36.1
587.0,4.3,0.4,2.2,26.0,2.2,21.0,60.0,2.0,0.0,172841.0,0.0,3.0,0.0,2.0,2.0,7.0,0.0,0.0,0.0,0.0,0.0,0.0,0.0,87.0,102.2,120.2,228.0,45.2
15.0,5.7,0.3,1.6,26.0,2.4,3.0,46.0,0.0,0.0,154043.0,0.0,2.0,0.0,1.0,2.0,6.0,0.0,0.0,0.0,0.0,0.0,0.0,1.0,110.0,77.6,42.7,22.0,14.3
22.0,4.7,0.0,0.2,26.0,2.0,3.0,55.0,0.0,0.0,205533.0,0.0,4.0,1.0,1.0,0.0,6.0,0.0,0.0,0.0,0.0,0.0,0.0,4.0,81.0,74.4,58.8,120.0,24.9
412.0,5.7,0.3,1.4,25.0,2.1,35.0,44.0,1.0,100.0,59940.0,0.0,2.0,1.0,1.0,1.0,25.0,0.0,0.0,0.0,1.0,0.0,0.0,0.0,151.0,279.2,14.7,95.0,38.8
70.0,6.0,0.0,0.0,25.0,2.3,3.0,42.0,0.0,0.0,131897.0,0.0,1.0,0.0,0.0,2.0,19.0,0.0,0.0,0.0,1.0,0.0,16.0,0.0,161.0,132.4,0.3,0.0,13.2
109.0,5.3,0.9,4.0,24.0,4.8,8.0,45.0,7.0,0.0,102380.0,0.0,2.0,0.0,0.0,3.0,3.0,0.0,0.0,0.0,0.0,0.0,0.0,3.0,117.0,106.0,23.5,59.0,18.9
218.0,5.3,0.0,0.0,24.0,2.7,13.0,45.0,0.0,100.0,37402.0,0.0,2.0,0.0,0.0,3.0,9.0,0.0,0.0,0.0,4.0,0.0,0.0,2.0,112.0,137.0,33.9,22.0,19.2
241.0,4.5,0.2,0.8,24.0,2.2,14.0,53.0,0.0,100.0,15157.0,1.0,3.0,0.0,2.0,3.0,1.0,0.0,0.0,0.0,1.0,0.0,0.0,2.0,102.0,91.8,109.6,41.0,24.2
80.0,4.5,0.5,2.4,24.0,3.0,36.0,53.0,2.0,100.0,243016.0,0.0,3.0,1.0,1.0,2.0,3.0,0.0,0.0,0.0,1.0,0.0,0.0,3.0,75.0,93.8,75.9,39.0,20.7
418.0,5.5,0.0,0.0,24.0,3.0,35.0,44.0,0.0,100.0,108053.0,0.0,2.0,0.0,0.0,2.0,10.0,0.0,0.0,0.0,0.0,0.0,0.0,3.0,128.0,139.0,74.2,50.0,26.3
320.0,4.6,0.4,2.0,24.0,2.0,4.0,52.0,0.0,100.0,40142.0,0.0,4.0,1.0,1.0,1.0,8.0,0.0,0.0,0.0,1.0,0.0,0.0,3.0,64.0,57.2,36.0,152.0,23.5
411.0,4.7,0.2,0.8,24.0,1.6,35.0,51.0,1.0,100.0,50229.0,0.0,3.0,0.0,1.0,0.0,20.0,0.0,0.0,0.0,1.0,0.0,0.0,1.0,79.0,97.0,170.1,82.0,34.9
274.0,4.1,0.0,0.0,24.0,4.0,43.0,59.0,0.0,100.0,102826.0,1.0,2.0,1.0,0.0,2.0,8.0,0.0,0.0,0.0,2.0,0.0,0.0,2.0,96.0,72.8,40.2,35.0,14.6
392.0,3.6,0.1,0.5,24.0,1.7,6.0,67.0,0.0,100.0,95715.0,0.0,3.0,1.0,0.0,1.0,7.0,0.0,0.0,0.0,0.0,0.0,0.0,1.0,60.0,77.2,55.6,125.0,25.6
321.0,4.3,0.2,1.2,23.0,1.9,4.0,53.0,2.0,100.0,50232.0,0.0,3.0,0.0,0.0,2.0,18.0,0.0,0.0,0.0,2.0,0.0,0.0,0.0,146.0,167.6,249.9,141.0,55.9
526.0,5.3,0.2,1.0,23.0,1.9,3.0,43.0,1.0,100.0,153256.0,0.0,3.0,0.0,0.0,3.0,12.0,0.0,0.0,0.0,2.0,0.0,0.0,0.0,140.0,108.2,73.2,28.0,20.8
138.0,4.1,0.4,2.5,23.0,1.4,31.0,56.0,2.0,100.0,66975.0,0.0,3.0,0.0,0.0,2.0,25.0,0.0,0.0,0.0,4.0,1.0,0.0,0.0,147.0,143.4,151.1,61.0,35.5
486.0,5.3,0.0,0.0,23.0,2.9,31.0,43.0,0.0,100.0,19188.0,0.0,2.0,1.0,0.0,1.0,11.0,0.0,0.0,0.0,1.0,0.0,0.0,1.0,124.0,156.4,13.6,87.0,25.8
295.0,4.9,0.3,1.5,23.0,1.9,1.0,47.0,2.0,100.0,62398.0,0.0,3.0,0.0,1.0,3.0,13.0,0.0,0.0,0.0,2.0,0.0,0.0,0.0,134.0,133.8,101.9,25.0,26.1
336.0,4.9,0.3,1.2,23.0,1.5,4.0,47.0,2.0,100.0,153127.0,0.0,3.0,0.0,0.0,2.0,22.0,0.0,0.0,0.0,6.0,0.0,0.0,0.0,114.0,158.0,67.8,81.0,30.8
152.0,4.6,0.3,1.3,22.0,2.0,11.0,48.0,1.0,100.0,59949.0,0.0,2.0,0.0,1.0,1.0,9.0,0.0,0.0,0.0,0.0,0.0,0.0,1.0,124.0,130.8,64.5,57.0,25.3
3.0,4.1,0.5,2.6,22.0,2.0,3.0,54.0,2.0,100.0,41270.0,0.0,2.0,0.0,0.0,2.0,10.0,0.0,0.0,0.0,1.0,0.0,0.0,0.0,117.0,119.0,29.6,56.0,20.4
353.0,4.7,0.4,2.0,22.0,1.2,49.0,47.0,0.0,100.0,108416.0,0.0,2.0,0.0,0.0,1.0,31.0,0.0,0.0,0.0,5.0,1.0,0.0,1.0,200.0,292.6,22.1,57.0,37.1
158.0,4.2,0.4,2.3,22.0,1.7,11.0,53.0,2.0,100.0,120250.0,0.0,3.0,0.0,1.0,2.0,9.0,0.0,0.0,0.0,2.0,0.0,0.0,0.0,78.0,79.2,100.9,40.0,21.7
568.0,4.0,0.2,1.3,22.0,3.1,1.0,55.0,7.0,100.0,152590.0,0.0,2.0,0.0,2.0,1.0,8.0,0.0,0.0,0.0,0.0,0.0,0.0,3.0,118.0,123.8,171.4,30.0,32.5
61.0,5.0,0.4,1.6,21.0,1.8,36.0,42.0,0.0,0.0,78916.0,0.0,2.0,0.0,0.0,2.0,14.0,1.0,0.0,0.0,3.0,0.0,0.0,0.0,122.0,107.0,52.3,62.0,21.7
263.0,4.8,0.2,0.8,21.0,1.8,14.0,44.0,0.0,0.0,206915.0,0.0,3.0,0.0,0.0,3.0,8.0,0.0,0.0,0.0,1.0,0.0,0.0,0.0,91.0,108.2,138.5,154.0,40.1
502.0,4.0,0.0,0.0,21.0,1.8,11.0,52.0,0.0,0.0,119765.0,0.0,3.0,0.0,0.0,2.0,16.0,0.0,0.0,0.0,4.0,0.0,0.0,0.0,140.0,177.4,99.0,27.0,30.5
86.0,3.6,0.1,0.8,21.0,1.4,90.0,58.0,2.0,100.0,44683.0,0.0,4.0,0.0,1.0,2.0,14.0,0.0,0.0,0.0,3.0,0.0,0.0,0.0,55.0,44.4,57.7,132.0,22.9
279.0,3.9,0.0,0.0,21.0,3.5,43.0,54.0,0.0,0.0,126184.0,0.0,2.0,1.0,0.0,2.0,7.0,0.0,0.0,0.0,3.0,0.0,0.0,1.0,97.0,108.0,35.5,23.0,16.6
480.0,4.5,0.1,0.7,21.0,1.8,4.0,47.0,0.0,0.0,180135.0,0.0,3.0,0.0,0.0,1.0,16.0,0.0,0.0,0.0,2.0,0.0,0.0,1.0,103.0,84.0,94.8,76.0,25.3
33.0,3.4,0.0,0.0,20.0,5.0,7.0,59.0,0.0,0.0,85242.0,1.0,3.0,1.0,1.0,2.0,2.0,0.0,0.0,0.0,0.0,0.0,0.0,3.0,70.0,65.4,82.9,33.0,18.2
262.0,4.4,0.3,1.2,20.0,1.2,49.0,45.0,1.0,100.0,195473.0,0.0,4.0,0.0,0.0,1.0,9.0,0.0,0.0,0.0,0.0,0.0,0.0,0.0,45.0,41.0,86.6,115.0,23.9
403.0,2.9,0.0,0.0,20.0,1.8,6.0,69.0,0.0,0.0,200826.0,0.0,3.0,1.0,1.0,2.0,4.0,0.0,0.0,0.0,3.0,0.0,0.0,0.0,71.0,107.6,126.7,96.0,32.7
211.0,5.1,0.7,2.8,20.0,2.0,2.0,39.0,2.0,0.0,222694.0,0.0,2.0,0.0,0.0,2.0,16.0,0.0,0.0,0.0,1.0,0.0,0.0,1.0,143.0,158.2,26.8,12.0,19.5
349.0,4.4,0.4,1.6,20.0,1.4,49.0,45.0,2.0,0.0,79934.0,0.0,3.0,0.0,0.0,1.0,16.0,0.0,0.0,0.0,3.0,0.0,0.0,0.0,120.0,134.4,212.2,14.0,36.0
507.0,3.6,0.0,0.2,20.0,2.0,4.0,56.0,2.0,100.0,90105.0,0.0,3.0,0.0,3.0,1.0,10.0,0.0,0.0,0.0,0.0,1.0,0.0,0.0,60.0,44.0,98.3,60.0,19.9
343.0,3.6,0.3,1.6,20.0,2.5,49.0,55.0,2.0,100.0,18867.0,0.0,4.0,2.0,0.0,0.0,5.0,0.0,0.0,0.0,1.0,0.0,0.0,3.0,45.0,69.6,17.9,100.0,18.6
439.0,3.0,0.2,1.0,19.0,1.7,21.0,64.0,0.0,100.0,86934.0,0.0,3.0,1.0,1.0,0.0,3.0,0.0,0.0,0.0,1.0,0.0,0.0,0.0,68.0,79.0,69.5,89.0,23.6
577.0,4.2,0.0,0.0,19.0,2.1,31.0,45.0,0.0,0.0,57328.0,0.0,2.0,0.0,1.0,1.0,16.0,0.0,0.0,0.0,1.0,0.0,0.0,0.0,126.0,117.6,49.5,29.0,19.8
163.0,3.7,0.3,1.7,19.0,1.7,11.0,52.0,2.0,0.0,173807.0,0.0,3.0,0.0,0.0,2.0,6.0,0.0,0.0,0.0,1.0,0.0,0.0,0.0,97.0,89.8,45.7,2.0,13.8
290.0,3.3,0.0,0.0,19.0,3.2,1.0,58.0,0.0,0.0,43670.0,0.0,3.0,0.0,3.0,1.0,3.0,0.0,0.0,0.0,0.0,0.0,0.0,0.0,76.0,66.2,121.9,67.0,25.5
365.0,3.0,0.0,0.2,19.0,1.9,20.0,64.0,1.0,100.0,83283.0,0.0,3.0,1.0,0.0,1.0,5.0,0.0,0.0,0.0,0.0,0.0,0.0,0.0,56.0,69.0,53.6,91.0,21.2
310.0,3.9,0.7,3.2,19.0,2.7,1.0,49.0,0.0,75.0,197365.0,0.0,2.0,0.0,0.0,2.0,11.0,0.0,0.0,0.0,2.0,0.0,0.0,4.0,119.0,126.0,5.1,20.0,15.2
266.0,3.5,0.3,1.4,19.0,2.1,43.0,54.0,0.0,100.0,27789.0,0.0,2.0,0.0,0.0,2.0,3.0,0.0,0.0,0.0,1.0,0.0,0.0,0.0,94.0,59.8,29.8,45.0,13.6
356.0,4.0,0.3,1.4,19.0,1.6,49.0,48.0,0.0,25.0,167878.0,0.0,3.0,0.0,0.0,1.0,13.0,0.0,0.0,0.0,1.0,0.0,0.0,0.0,112.0,127.6,169.4,59.0,35.8
409.0,3.8,0.3,1.2,18.0,1.4,35.0,47.0,2.0,100.0,49944.0,0.0,3.0,0.0,0.0,1.0,30.0,1.0,0.0,0.0,2.0,1.0,0.0,0.0,80.0,112.6,66.2,53.0,22.8
530.0,4.0,0.0,0.2,18.0,1.6,35.0,45.0,0.0,100.0,41135.0,0.0,2.0,0.0,0.0,2.0,18.0,0.0,0.0,0.0,2.0,0.0,0.0,0.0,113.0,114.8,12.7,61.0,18.8
139.0,3.3,0.0,0.0,18.0,1.8,31.0,54.0,0.0,100.0,74230.0,0.0,2.0,0.0,2.0,0.0,20.0,0.0,0.0,0.0,1.0,0.0,0.0,0.0,140.0,137.6,138.7,131.0,40.8
347.0,3.6,0.1,0.6,18.0,1.2,49.0,50.0,0.0,75.0,63426.0,0.0,2.0,0.0,0.0,0.0,28.0,0.0,0.0,0.0,3.0,0.0,0.0,0.0,177.0,224.2,101.1,99.0,42.5
332.0,4.0,0.0,0.2,17.0,2.4,4.0,42.0,0.0,100.0,109528.0,0.0,2.0,0.0,0.0,2.0,9.0,0.0,0.0,0.0,1.0,0.0,0.0,0.0,84.0,63.6,76.9,14.0,15.5
555.0,3.5,0.0,0.2,17.0,1.5,35.0,49.0,0.0,0.0,200878.0,0.0,3.0,0.0,0.0,1.0,11.0,0.0,0.0,0.0,0.0,0.0,0.0,0.0,97.0,74.4,103.6,50.0,22.8
258.0,2.8,0.0,0.2,17.0,1.9,14.0,60.0,0.0,0.0,157882.0,0.0,3.0,1.0,0.0,1.0,4.0,0.0,0.0,0.0,0.0,0.0,0.0,0.0,61.0,59.4,14.6,118.0,19.1
193.0,3.0,0.1,0.8,17.0,1.9,2.0,57.0,0.0,100.0,28690.0,0.0,3.0,0.0,2.0,0.0,5.0,0.0,0.0,0.0,0.0,0.0,0.0,0.0,66.0,67.6,78.0,78.0,22.4
495.0,2.6,0.0,0.2,17.0,1.5,1.0,66.0,1.0,0.0,180184.0,0.0,3.0,1.0,0.0,0.0,9.0,0.0,0.0,0.0,0.0,0.0,0.0,0.0,67.0,75.6,40.1,59.0,17.5
505.0,3.4,0.0,0.0,16.0,1.6,39.0,47.0,0.0,0.0,111291.0,0.0,2.0,0.0,0.0,1.0,9.0,0.0,0.0,0.0,2.0,0.0,0.0,0.0,97.0,93.4,40.5,11.0,14.7
334.0,3.3,0.3,1.3,16.0,1.2,4.0,49.0,0.0,100.0,119471.0,0.0,2.0,0.0,0.0,1.0,17.0,0.0,0.0,0.0,4.0,0.0,0.0,0.0,114.0,180.4,6.5,44.0,23.1
567.0,3.3,0.4,1.8,16.0,2.0,3.0,49.0,2.0,75.0,167199.0,0.0,3.0,0.0,1.0,2.0,5.0,0.0,0.0,0.0,1.0,0.0,0.0,0.0,90.0,102.8,61.3,30.0,19.4
328.0,3.8,0.1,0.3,16.0,1.5,4.0,42.0,1.0,100.0,101148.0,0.0,2.0,0.0,0.0,1.0,20.0,0.0,0.0,0.0,2.0,0.0,0.0,0.0,119.0,173.4,23.6,91.0,28.9
129.0,3.3,0.7,3.2,15.0,3.0,31.0,45.0,0.0,0.0,49413.0,0.0,2.0,0.0,0.0,2.0,8.0,0.0,0.0,0.0,1.0,0.0,0.0,2.0,75.0,65.2,0.8,10.0,7.6
250.0,2.4,0.0,0.0,15.0,3.0,14.0,63.0,0.0,0.0,97032.0,0.0,2.0,1.0,0.0,1.0,11.0,0.0,0.0,0.0,1.0,0.0,0.0,1.0,73.0,82.4,4.8,66.0,15.3
436.0,2.7,0.3,1.8,15.0,1.2,21.0,55.0,1.0,100.0,56377.0,0.0,3.0,0.0,1.0,1.0,5.0,0.0,0.0,0.0,2.0,0.0,0.0,0.0,45.0,49.6,75.8,106.0,23.0
510.0,3.5,0.4,1.6,15.0,3.0,49.0,43.0,1.0,0.0,226182.0,0.0,2.0,1.0,0.0,1.0,7.0,0.0,0.0,0.0,1.0,0.0,0.0,0.0,53.0,82.6,44.0,126.0,25.2
493.0,3.3,0.1,0.5,15.0,1.2,54.0,45.0,1.0,100.0,151086.0,0.0,3.0,0.0,0.0,0.0,9.0,0.0,0.0,0.0,1.0,0.0,0.0,0.0,74.0,79.0,65.5,23.0,16.8
5.0,3.3,0.6,2.8,15.0,5.0,3.0,46.0,2.0,100.0,58822.0,0.0,2.0,0.0,1.0,1.0,1.0,0.0,0.0,0.0,0.0,0.0,0.0,3.0,53.0,45.0,54.9,9.0,10.9
79.0,3.3,0.0,0.0,14.0,1.8,36.0,43.0,0.0,100.0,235382.0,0.0,3.0,0.0,0.0,2.0,13.0,0.0,0.0,0.0,1.0,0.0,0.0,0.0,74.0,61.0,105.0,29.0,19.6
90.0,2.6,0.2,1.0,14.0,1.8,90.0,54.0,1.0,100.0,60586.0,0.0,3.0,0.0,0.0,2.0,5.0,0.0,0.0,0.0,0.0,0.0,0.0,0.0,41.0,32.6,37.2,53.0,12.3
565.0,3.1,0.3,1.5,14.0,1.4,20.0,45.0,2.0,100.0,240143.0,0.0,3.0,0.0,0.0,2.0,7.0,0.0,0.0,0.0,2.0,0.0,0.0,0.0,47.0,42.2,25.4,14.0,8.2
543.0,1.5,0.0,0.0,14.0,3.5,6.0,93.0,0.0,100.0,36903.0,0.0,3.0,1.0,0.0,1.0,4.0,0.0,0.0,0.0,0.0,0.0,0.0,3.0,37.0,45.2,54.6,61.0,16.1
515.0,2.9,0.2,0.8,14.0,1.4,39.0,48.0,0.0,0.0,437858.0,0.0,3.0,0.0,1.0,0.0,3.0,0.0,0.0,0.0,0.0,0.0,0.0,0.0,54.0,35.0,44.8,25.0,10.6
541.0,2.5,0.0,0.2,14.0,2.0,13.0,57.0,1.0,100.0,228798.0,0.0,3.0,0.0,2.0,0.0,3.0,0.0,0.0,0.0,0.0,0.0,0.0,0.0,57.0,70.2,81.5,87.0,23.9
10.0,3.2,0.6,2.6,14.0,4.7,3.0,44.0,0.0,0.0,92371.0,0.0,2.0,0.0,0.0,2.0,1.0,0.0,0.0,0.0,1.0,0.0,0.0,1.0,63.0,59.0,11.7,4.0,7.4
154.0,2.3,0.2,1.0,13.0,2.2,11.0,57.0,0.0,0.0,100649.0,0.0,3.0,1.0,0.0,1.0,4.0,0.0,0.0,0.0,2.0,0.0,0.0,1.0,44.0,78.0,88.4,61.0,22.8
280.0,2.2,0.0,0.2,13.0,2.6,43.0,60.0,1.0,100.0,146941.0,0.0,2.0,0.0,0.0,1.0,4.0,0.0,0.0,0.0,1.0,0.0,0.0,2.0,69.0,62.8,28.4,16.0,10.7
517.0,3.0,0.7,2.8,13.0,2.2,54.0,43.0,6.0,100.0,167074.0,0.0,2.0,0.0,1.0,1.0,10.0,0.0,0.0,0.0,1.0,0.0,0.0,0.0,94.0,132.2,155.8,34.0,32.2
352.0,3.1,0.0,0.2,13.0,1.6,49.0,42.0,0.0,75.0,83427.0,0.0,2.0,0.0,1.0,0.0,10.0,0.0,0.0,0.0,2.0,0.0,0.0,0.0,70.0,87.8,11.6,35.0,13.4
335.0,3.0,0.3,1.5,13.0,2.2,4.0,43.0,0.0,0.0,151119.0,0.0,2.0,0.0,0.0,1.0,6.0,0.0,0.0,0.0,0.0,0.0,0.0,0.0,68.0,58.6,41.8,20.0,12.0
71.0,2.4,0.0,0.2,13.0,1.2,36.0,54.0,0.0,0.0,165210.0,0.0,3.0,0.0,1.0,0.0,6.0,0.0,0.0,0.0,2.0,0.0,0.0,0.0,62.0,51.4,94.5,143.0,28.8
329.0,2.2,0.1,0.3,13.0,2.2,4.0,59.0,1.0,100.0,104547.0,0.0,4.0,1.0,0.0,0.0,3.0,0.0,0.0,0.0,0.0,0.0,0.0,3.0,42.0,37.4,16.9,64.0,11.4
361.0,2.4,0.1,0.5,12.0,1.1,20.0,51.0,0.0,0.0,20452.0,0.0,4.0,0.0,0.0,1.0,6.0,0.0,0.0,0.0,0.0,0.0,0.0,0.0,21.0,9.8,6.4,19.0,3.4
322.0,2.4,0.2,1.0,12.0,1.5,4.0,49.0,0.0,100.0,56983.0,0.0,3.0,0.0,0.0,1.0,7.0,1.0,0.0,0.0,1.0,0.0,0.0,0.0,66.0,76.6,204.0,38.0,31.9
425.0,2.8,0.0,0.2,12.0,0.8,35.0,43.0,-1.0,0.0,216616.0,0.0,2.0,0.0,0.0,0.0,40.0,0.0,0.0,0.0,2.0,0.0,0.0,0.0,150.0,288.8,51.2,36.0,37.8
438.0,2.9,0.3,1.4,12.0,2.0,21.0,42.0,1.0,100.0,81012.0,0.0,2.0,0.0,1.0,1.0,5.0,0.0,0.0,0.0,2.0,0.0,0.0,0.0,72.0,84.8,122.0,63.0,27.1
29.0,2.8,0.0,0.0,12.0,2.4,7.0,43.0,0.0,0.0,37339.0,1.0,2.0,0.0,0.0,1.0,0.0,0.0,0.0,0.0,0.0,0.0,0.0,2.0,43.0,27.2,73.0,21.0,12.2
182.0,2.6,0.1,0.5,12.0,1.1,54.0,46.0,1.0,0.0,101105.0,0.0,2.0,0.0,1.0,0.0,13.0,0.0,0.0,0.0,2.0,0.0,0.0,0.0,85.0,72.2,55.9,47.0,17.5
93.0,2.5,0.1,0.6,12.0,1.1,90.0,48.0,1.0,100.0,81183.0,0.0,4.0,0.0,0.0,0.0,2.0,0.0,0.0,0.0,0.0,0.0,0.0,0.0,28.0,12.8,29.9,118.0,15.7
261.0,2.3,0.0,0.0,12.0,1.7,14.0,52.0,0.0,0.0,175592.0,0.0,3.0,0.0,0.0,2.0,7.0,0.0,0.0,0.0,0.0,0.0,0.0,0.0,60.0,44.2,54.5,111.0,21.0
131.0,2.8,0.2,0.8,12.0,1.7,31.0,43.0,0.0,100.0,50472.0,0.0,3.0,0.0,0.0,1.0,9.0,0.0,0.0,0.0,1.0,0.0,0.0,0.0,58.0,64.8,29.7,8.0,10.2
603.0,2.8,0.4,1.6,11.0,2.8,49.0,39.0,7.0,100.0,109638.0,0.0,2.0,1.0,0.0,0.0,3.0,0.0,0.0,0.0,0.0,0.0,0.0,0.0,44.0,66.0,16.8,37.0,12.0
584.0,2.2,0.1,0.5,11.0,2.2,6.0,50.0,0.0,0.0,214225.0,0.0,2.0,0.0,0.0,1.0,1.0,0.0,0.0,0.0,0.0,0.0,0.0,0.0,53.0,39.2,0.3,0.0,4.0
85.0,2.6,0.0,0.0,11.0,1.8,90.0,43.0,0.0,100.0,41674.0,0.0,2.0,0.0,0.0,1.0,12.0,0.0,0.0,0.0,2.0,0.0,0.0,1.0,76.0,94.2,11.5,16.0,12.2
311.0,1.8,0.0,0.2,11.0,1.8,1.0,62.0,0.0,0.0,200617.0,0.0,3.0,1.0,0.0,0.0,5.0,0.0,0.0,0.0,2.0,0.0,0.0,0.0,43.0,58.6,56.0,147.0,26.2
427.0,2.4,0.1,0.4,11.0,1.1,21.0,46.0,1.0,100.0,18073.0,0.0,3.0,0.0,0.0,0.0,6.0,0.0,0.0,0.0,1.0,0.0,0.0,0.0,41.0,19.0,35.0,6.0,5.9
238.0,2.1,0.2,0.8,11.0,1.6,13.0,53.0,1.0,100.0,218031.0,0.0,2.0,0.0,0.0,1.0,8.0,0.0,0.0,0.0,1.0,0.0,0.0,0.0,78.0,98.4,25.1,46.0,16.9
210.0,2.3,0.1,0.5,11.0,1.2,2.0,48.0,0.0,100.0,221610.0,0.0,3.0,0.0,0.0,1.0,6.0,0.0,0.0,0.0,0.0,0.0,0.0,0.0,45.0,46.6,39.0,16.0,10.0
206.0,2.1,0.1,0.5,10.0,1.0,2.0,47.0,1.0,0.0,173821.0,0.0,3.0,0.0,0.0,0.0,7.0,0.0,0.0,0.0,0.0,0.0,0.0,0.0,33.0,33.0,47.1,66.0,14.7
233.0,1.8,0.1,0.5,10.0,1.0,13.0,56.0,0.0,0.0,173515.0,0.0,4.0,0.0,0.0,1.0,2.0,0.0,0.0,1.0,0.0,0.0,0.0,0.0,19.0,16.8,54.4,157.0,22.8
397.0,1.9,0.2,1.0,10.0,1.2,6.0,52.0,0.0,100.0,157668.0,0.0,3.0,0.0,0.0,1.0,9.0,0.0,0.0,0.0,4.0,0.0,0.0,0.0,64.0,74.8,48.3,16.0,13.8
247.0,1.6,0.2,1.0,10.0,1.7,14.0,64.0,0.0,100.0,68312.0,0.0,3.0,0.0,1.0,1.0,1.0,0.0,0.0,0.0,2.0,0.0,0.0,0.0,46.0,41.8,102.9,53.0,19.8
260.0,1.9,0.0,0.0,10.0,1.4,14.0,52.0,0.0,0.0,171287.0,0.0,2.0,0.0,0.0,0.0,14.0,0.0,0.0,0.0,0.0,0.0,0.0,0.0,94.0,106.8,18.1,0.0,12.5
531.0,1.8,0.2,1.4,10.0,1.7,14.0,57.0,0.0,100.0,61558.0,0.0,3.0,0.0,0.0,1.0,4.0,0.0,0.0,0.0,1.0,0.0,0.0,0.0,71.0,85.6,127.7,64.0,27.8
209.0,2.3,0.1,0.5,10.0,1.0,2.0,43.0,0.0,0.0,215460.0,0.0,3.0,0.0,0.0,0.0,4.0,0.0,0.0,0.0,0.0,0.0,0.0,0.0,29.0,42.6,47.5,87.0,17.7
452.0,2.6,0.0,0.0,10.0,2.5,21.0,39.0,0.0,0.0,222018.0,0.0,2.0,1.0,0.0,0.0,2.0,0.0,0.0,0.0,0.0,0.0,0.0,0.0,32.0,44.6,3.8,17.0,6.5
387.0,1.8,0.0,0.2,10.0,1.4,6.0,57.0,0.0,100.0,62974.0,0.0,3.0,0.0,1.0,0.0,5.0,0.0,0.0,0.0,1.0,0.0,0.0,0.0,34.0,25.0,35.3,95.0,15.2
487.0,2.0,0.2,1.2,10.0,2.0,4.0,49.0,0.0,100.0,223175.0,0.0,3.0,0.0,0.0,1.0,8.0,0.0,0.0,0.0,0.0,0.0,0.0,0.0,47.0,32.6,35.6,2.0,7.0
535.0,2.0,0.1,0.6,9.0,1.8,90.0,45.0,0.0,0.0,217401.0,0.0,3.0,0.0,0.0,1.0,7.0,0.0,0.0,0.0,0.0,0.0,0.0,0.0,24.0,12.0,7.9,13.0,3.3
589.0,2.2,0.2,1.0,9.0,3.0,14.0,40.0,0.0,0.0,197464.0,0.0,2.0,0.0,0.0,1.0,2.0,0.0,0.0,0.0,1.0,0.0,0.0,0.0,48.0,59.2,14.3,6.0,8.0
398.0,1.7,0.2,0.8,9.0,1.3,6.0,52.0,0.0,0.0,173904.0,0.0,2.0,0.0,0.0,0.0,9.0,1.0,0.0,0.0,0.0,0.0,0.0,0.0,67.0,97.6,4.3,88.0,19.0
554.0,2.0,0.2,0.8,9.0,1.3,7.0,45.0,0.0,0.0,232653.0,0.0,3.0,0.0,0.0,1.0,2.0,0.0,0.0,0.0,0.0,0.0,0.0,0.0,20.0,8.6,13.8,31.0,5.2
44.0,1.9,0.2,0.8,8.0,1.6,7.0,43.0,0.0,0.0,184704.0,0.0,3.0,0.0,0.0,2.0,0.0,0.0,0.0,0.0,1.0,0.0,0.0,0.0,30.0,23.2,16.8,8.0,4.9
359.0,1.4,0.1,0.8,8.0,1.3,49.0,58.0,0.0,100.0,178304.0,0.0,4.0,0.0,0.0,0.0,5.0,0.0,0.0,0.0,0.0,0.0,0.0,0.0,9.0,10.8,34.3,45.0,8.9
519.0,2.1,0.0,0.0,8.0,4.0,90.0,38.0,0.0,100.0,218023.0,0.0,2.0,1.0,0.0,0.0,5.0,0.0,0.0,0.0,0.0,0.0,0.0,0.0,35.0,66.2,21.2,38.0,12.6
264.0,2.1,0.0,0.0,8.0,2.0,14.0,39.0,0.0,0.0,215136.0,0.0,2.0,0.0,0.0,1.0,0.0,0.0,0.0,0.0,1.0,0.0,0.0,0.0,32.0,21.2,18.5,20.0,5.8
590.0,1.8,0.2,0.8,8.0,1.0,20.0,45.0,1.0,0.0,200088.0,0.0,4.0,0.0,0.0,0.0,1.0,0.0,0.0,0.0,0.0,0.0,0.0,0.0,19.0,3.0,12.2,14.0,2.9
190.0,1.7,0.2,0.8,8.0,0.7,54.0,48.0,0.0,100.0,197030.0,0.0,3.0,0.0,0.0,0.0,9.0,0.0,0.0,0.0,1.0,1.0,0.0,0.0,14.0,22.6,76.8,39.0,13.2
410.0,1.5,0.3,1.4,8.0,2.7,35.0,53.0,0.0,100.0,49957.0,0.0,3.0,0.0,1.0,0.0,5.0,0.0,0.0,0.0,0.0,0.0,0.0,0.0,29.0,22.4,35.2,15.0,7.2
26.0,1.6,0.2,0.8,8.0,2.0,3.0,49.0,0.0,100.0,444145.0,0.0,3.0,0.0,0.0,2.0,0.0,0.0,0.0,0.0,0.0,0.0,0.0,0.0,10.0,10.8,4.2,72.0,8.6
573.0,1.6,0.0,0.0,7.0,3.5,11.0,45.0,0.0,0.0,111782.0,0.0,1.0,0.0,0.0,1.0,2.0,0.0,0.0,0.0,0.0,0.0,4.0,0.0,36.0,35.8,0.0,0.0,3.6
560.0,1.6,0.0,0.0,7.0,7.0,14.0,45.0,0.0,0.0,200720.0,1.0,1.0,0.0,0.0,1.0,0.0,0.0,0.0,0.0,0.0,0.0,3.0,0.0,26.0,28.2,0.0,0.0,2.8
125.0,1.6,0.0,0.2,7.0,1.0,31.0,45.0,1.0,100.0,19419.0,0.0,2.0,0.0,0.0,0.0,19.0,0.0,0.0,0.0,0.0,0.0,0.0,0.0,89.0,126.6,35.7,36.0,19.9
111.0,1.5,0.0,0.0,7.0,3.5,8.0,47.0,0.0,0.0,109533.0,0.0,2.0,0.0,0.0,1.0,0.0,0.0,0.0,0.0,0.0,0.0,0.0,0.0,24.0,17.4,7.7,2.0,2.7
176.0,1.7,0.0,0.0,7.0,1.4,54.0,42.0,0.0,0.0,82514.0,0.0,2.0,0.0,0.0,0.0,10.0,0.0,0.0,0.0,0.0,0.0,0.0,0.0,78.0,82.6,4.7,0.0,8.8
248.0,1.1,0.1,0.4,7.0,1.8,14.0,63.0,0.0,100.0,81880.0,0.0,3.0,0.0,1.0,0.0,1.0,0.0,0.0,0.0,0.0,0.0,0.0,0.0,22.0,26.0,27.7,18.0,7.2
20.0,1.5,0.1,0.4,7.0,1.0,3.0,47.0,1.0,0.0,200089.0,0.0,3.0,0.0,0.0,0.0,3.0,0.0,0.0,0.0,1.0,0.0,0.0,0.0,18.0,21.2,29.7,52.0,10.1
55.0,1.6,0.0,0.2,7.0,1.4,90.0,43.0,0.0,100.0,40845.0,0.0,3.0,0.0,0.0,0.0,4.0,0.0,0.0,0.0,0.0,0.0,0.0,0.0,31.0,28.8,7.9,41.0,7.8
59.0,1.5,0.3,1.4,7.0,1.4,36.0,48.0,1.0,100.0,66242.0,0.0,3.0,0.0,0.0,0.0,2.0,0.0,0.0,0.0,0.0,0.0,0.0,0.0,28.0,18.4,4.7,52.0,7.6
333.0,1.7,0.0,0.2,7.0,1.4,4.0,42.0,0.0,100.0,111773.0,0.0,2.0,0.0,1.0,0.0,12.0,0.0,0.0,0.0,1.0,0.0,0.0,0.0,58.0,72.0,30.7,6.0,10.8
408.0,1.3,0.1,0.4,7.0,0.9,35.0,52.0,0.0,100.0,49440.0,0.0,4.0,0.0,0.0,0.0,5.0,0.0,0.0,0.0,1.0,0.0,0.0,0.0,0.0,11.4,11.9,25.0,4.8
511.0,1.6,0.0,0.0,7.0,1.2,49.0,43.0,0.0,100.0,155197.0,0.0,2.0,0.0,0.0,0.0,8.0,0.0,0.0,0.0,1.0,0.0,0.0,0.0,29.0,70.6,10.5,33.0,11.4
414.0,1.5,0.0,0.0,6.0,6.0,35.0,41.0,0.0,0.0,77777.0,0.0,2.0,0.0,0.0,1.0,0.0,0.0,0.0,0.0,0.0,0.0,0.0,0.0,24.0,19.6,0.3,0.0,2.0
149.0,1.2,0.0,0.0,6.0,1.2,11.0,49.0,0.0,0.0,41823.0,0.0,3.0,0.0,0.0,0.0,5.0,0.0,0.0,0.0,0.0,0.0,0.0,0.0,38.0,26.2,18.6,1.0,4.6
581.0,1.3,0.0,0.2,6.0,1.5,39.0,45.0,0.0,0.0,250604.0,0.0,3.0,0.0,1.0,0.0,3.0,0.0,0.0,0.0,1.0,0.0,0.0,0.0,26.0,37.2,24.0,12.0,7.3
430.0,1.4,0.3,1.2,6.0,6.0,21.0,44.0,0.0,75.0,32259.0,0.0,1.0,0.0,0.0,1.0,0.0,0.0,0.0,0.0,0.0,0.0,2.0,0.0,23.0,13.6,0.0,0.0,1.4
523.0,1.5,0.4,1.5,6.0,6.0,20.0,40.0,0.0,0.0,40383.0,0.0,1.0,0.0,0.0,1.0,0.0,0.0,0.0,0.0,0.0,0.0,1.0,0.0,24.0,12.2,0.0,0.0,1.2
180.0,1.3,0.0,0.0,6.0,1.2,54.0,47.0,0.0,100.0,92259.0,0.0,3.0,0.0,0.0,0.0,3.0,0.0,0.0,0.0,0.0,0.0,0.0,0.0,13.0,1.4,14.6,47.0,5.9
428.0,1.1,0.1,0.6,6.0,1.2,35.0,57.0,1.0,100.0,18987.0,0.0,3.0,0.0,0.0,0.0,7.0,0.0,0.0,0.0,0.0,0.0,0.0,0.0,26.0,17.6,17.7,26.0,6.1
268.0,0.6,0.0,0.2,6.0,1.2,43.0,103.0,0.0,0.0,37572.0,0.0,4.0,0.0,0.0,1.0,2.0,0.0,0.0,0.0,0.0,0.0,0.0,0.0,20.0,7.2,36.9,65.0,10.4
112.0,1.3,0.0,0.0,6.0,2.0,8.0,47.0,0.0,100.0,109745.0,0.0,1.0,0.0,0.0,0.0,6.0,0.0,0.0,0.0,0.0,0.0,8.0,0.0,40.0,50.8,0.0,0.0,5.0
545.0,1.1,0.1,0.6,5.0,1.0,39.0,44.0,1.0,0.0,441271.0,0.0,2.0,0.0,0.0,0.0,3.0,0.0,0.0,0.0,1.0,0.0,0.0,0.0,26.0,37.0,36.4,8.0,8.2
188.0,1.1,0.1,0.5,5.0,1.2,54.0,46.0,0.0,100.0,168765.0,0.0,3.0,0.0,0.0,0.0,7.0,0.0,0.0,0.0,0.0,0.0,0.0,0.0,12.0,13.2,7.5,2.0,2.2
524.0,1.1,0.0,0.2,5.0,1.0,20.0,44.0,0.0,75.0,203389.0,0.0,3.0,0.0,0.0,0.0,2.0,0.0,0.0,0.0,0.0,0.0,0.0,0.0,8.0,3.0,2.8,4.0,0.7
305.0,1.0,0.0,0.0,5.0,1.7,1.0,52.0,0.0,0.0,172649.0,0.0,1.0,0.0,0.0,0.0,3.0,0.0,0.0,0.0,1.0,0.0,11.0,0.0,38.0,65.2,0.0,0.0,6.5
50.0,1.2,0.1,0.5,5.0,1.0,7.0,43.0,1.0,100.0,221239.0,0.0,4.0,0.0,0.0,0.0,0.0,0.0,0.0,0.0,0.0,0.0,0.0,0.0,15.0,4.6,15.9,58.0,7.7
160.0,1.2,0.0,0.0,5.0,1.2,11.0,43.0,0.0,100.0,153673.0,0.0,2.0,0.0,0.0,0.0,1.0,0.0,0.0,0.0,0.0,0.0,0.0,0.0,19.0,11.0,8.1,8.0,2.8
415.0,1.0,0.0,0.2,5.0,1.0,35.0,51.0,0.0,0.0,78356.0,0.0,4.0,0.0,0.0,0.0,5.0,0.0,0.0,0.0,0.0,0.0,0.0,0.0,10.0,20.0,3.9,26.0,5.0
75.0,1.3,0.2,0.8,5.0,1.7,36.0,39.0,0.0,0.0,209362.0,0.0,2.0,0.0,0.0,0.0,3.0,0.0,0.0,0.0,0.0,0.0,0.0,0.0,30.0,27.2,32.4,69.0,12.8
421.0,1.1,0.0,0.0,5.0,1.0,35.0,47.0,0.0,0.0,174593.0,0.0,3.0,0.0,0.0,0.0,3.0,0.0,0.0,0.0,0.0,0.0,0.0,0.0,15.0,13.0,12.8,39.0,6.4
379.0,1.1,0.1,0.5,5.0,1.7,20.0,44.0,0.0,0.0,214466.0,0.0,3.0,0.0,0.0,0.0,5.0,0.0,0.0,0.0,0.0,0.0,0.0,0.0,17.0,16.8,7.4,9.0,3.3
256.0,1.0,0.1,0.4,5.0,1.0,14.0,52.0,0.0,0.0,152760.0,0.0,4.0,0.0,0.0,0.0,0.0,0.0,0.0,0.0,0.0,0.0,0.0,0.0,11.0,6.8,3.5,35.0,4.5
331.0,0.9,0.1,0.3,4.0,2.0,4.0,44.0,0.0,0.0,106618.0,0.0,2.0,0.0,0.0,0.0,2.0,0.0,0.0,0.0,0.0,0.0,0.0,0.0,15.0,13.6,2.1,0.0,1.6
407.0,0.9,0.1,0.4,4.0,0.4,35.0,43.0,0.0,100.0,42427.0,0.0,2.0,0.0,0.0,0.0,23.0,0.0,0.0,0.0,1.0,1.0,0.0,0.0,94.0,115.4,45.4,10.0,17.2
394.0,0.5,0.0,0.0,4.0,1.0,6.0,74.0,0.0,75.0,108823.0,0.0,3.0,0.0,0.0,0.0,1.0,0.0,0.0,0.0,0.0,0.0,0.0,0.0,13.0,11.4,14.0,27.0,5.2
564.0,0.6,0.1,0.8,4.0,1.0,6.0,69.0,0.0,100.0,245824.0,0.0,4.0,0.0,0.0,0.0,0.0,0.0,0.0,0.0,0.0,0.0,0.0,0.0,10.0,5.2,10.4,21.0,3.6
240.0,1.0,0.0,0.0,4.0,1.0,13.0,42.0,0.0,0.0,244619.0,0.0,2.0,0.0,0.0,0.0,4.0,0.0,0.0,0.0,1.0,0.0,0.0,0.0,24.0,35.8,18.5,13.0,6.6
451.0,0.9,0.0,0.0,4.0,1.0,21.0,43.0,0.0,100.0,219924.0,0.0,2.0,0.0,0.0,0.0,5.0,0.0,0.0,0.0,1.0,0.0,0.0,0.0,40.0,64.6,1.9,0.0,6.7
153.0,0.7,0.0,0.3,4.0,0.8,11.0,60.0,0.0,100.0,66838.0,0.0,4.0,0.0,0.0,0.0,3.0,0.0,0.0,0.0,1.0,0.0,0.0,0.0,12.0,2.2,11.6,4.0,1.8
127.0,0.9,0.0,0.0,4.0,1.0,31.0,44.0,0.0,0.0,40784.0,0.0,2.0,0.0,0.0,0.0,8.0,0.0,0.0,0.0,0.0,0.0,0.0,0.0,33.0,36.6,1.6,6.0,4.5
473.0,0.6,0.1,0.6,3.0,1.5,39.0,49.0,0.0,100.0,222531.0,0.0,3.0,0.0,0.0,0.0,1.0,0.0,0.0,0.0,0.0,0.0,0.0,0.0,15.0,11.2,36.8,2.0,5.0
594.0,0.8,0.0,0.0,3.0,1.5,14.0,40.0,0.0,100.0,219937.0,0.0,2.0,0.0,0.0,0.0,2.0,0.0,0.0,0.0,0.0,0.0,0.0,0.0,17.0,21.0,15.2,4.0,4.0
227.0,0.8,0.0,0.0,3.0,0.8,13.0,39.0,0.0,100.0,155569.0,0.0,2.0,0.0,0.0,0.0,5.0,0.0,0.0,0.0,1.0,0.0,0.0,0.0,40.0,38.0,3.0,6.0,4.7
7.0,0.6,0.0,0.0,3.0,1.0,3.0,50.0,0.0,100.0,69140.0,0.0,2.0,0.0,0.0,0.0,1.0,0.0,0.0,0.0,0.0,0.0,0.0,0.0,16.0,11.6,1.0,0.0,1.3
168.0,0.7,0.0,0.0,3.0,1.0,11.0,43.0,0.0,0.0,232826.0,0.0,3.0,0.0,0.0,0.0,0.0,0.0,0.0,0.0,0.0,0.0,0.0,0.0,11.0,14.4,12.7,4.0,3.1
423.0,0.6,0.0,0.0,3.0,1.0,35.0,48.0,0.0,100.0,195864.0,0.0,3.0,0.0,0.0,0.0,2.0,0.0,0.0,0.0,0.0,0.0,0.0,0.0,16.0,20.0,0.5,0.0,2.0
378.0,0.6,0.2,0.8,3.0,1.0,20.0,47.0,1.0,0.0,213482.0,0.0,2.0,0.0,0.0,0.0,4.0,0.0,0.0,0.0,0.0,0.0,0.0,0.0,12.0,26.0,22.1,12.0,6.0
216.0,0.7,0.0,0.0,3.0,1.0,13.0,44.0,0.0,0.0,15033.0,0.0,2.0,0.0,0.0,0.0,0.0,0.0,0.0,0.0,0.0,0.0,0.0,0.0,9.0,3.0,0.1,0.0,0.3
627.0,0.5,0.2,1.0,3.0,1.5,36.0,55.0,0.0,0.0,230127.0,0.0,3.0,0.0,0.0,0.0,1.0,0.0,0.0,0.0,0.0,0.0,0.0,0.0,14.0,7.6,11.5,6.0,2.5
354.0,0.6,0.0,0.0,3.0,1.5,49.0,47.0,0.0,0.0,146610.0,0.0,2.0,0.0,0.0,0.0,3.0,0.0,0.0,0.0,0.0,0.0,0.0,0.0,19.0,40.2,2.5,0.0,4.3
288.0,0.6,0.0,0.0,3.0,1.0,43.0,47.0,0.0,100.0,432656.0,0.0,2.0,0.0,0.0,0.0,6.0,0.0,0.0,0.0,0.0,0.0,0.0,0.0,35.0,37.0,22.7,1.0,6.0
529.0,0.8,0.2,0.6,3.0,0.8,49.0,39.0,2.0,100.0,7645.0,0.0,2.0,0.0,0.0,0.0,7.0,0.0,0.0,0.0,1.0,0.0,0.0,0.0,29.0,33.4,1.1,0.0,3.5
234.0,0.4,0.0,0.0,2.0,0.7,13.0,47.0,0.0,0.0,197469.0,0.0,3.0,0.0,0.0,0.0,1.0,0.0,0.0,0.0,1.0,0.0,0.0,0.0,9.0,4.2,3.5,2.0,1.0
56.0,0.5,0.1,0.4,2.0,2.0,35.0,40.0,0.0,0.0,50093.0,0.0,1.0,0.0,0.0,0.0,2.0,0.0,0.0,0.0,0.0,0.0,4.0,0.0,18.0,23.4,0.0,0.0,2.3
194.0,0.5,0.1,0.5,2.0,2.0,2.0,42.0,0.0,100.0,39790.0,0.0,1.0,0.0,0.0,0.0,1.0,0.0,0.0,0.0,0.0,0.0,1.0,0.0,12.0,8.0,0.0,0.0,0.8
626.0,0.3,0.1,0.7,2.0,1.0,39.0,59.0,0.0,0.0,209353.0,0.0,4.0,0.0,0.0,0.0,0.0,0.0,0.0,0.0,0.0,0.0,0.0,0.0,5.0,0.0,0.0,4.0,0.2
14.0,0.4,0.0,0.0,2.0,2.0,3.0,48.0,0.0,0.0,111457.0,0.0,2.0,0.0,0.0,0.0,1.0,0.0,0.0,0.0,0.0,0.0,0.0,0.0,9.0,3.6,5.4,4.0,1.3
169.0,0.4,0.0,0.0,2.0,1.0,11.0,57.0,0.0,0.0,242058.0,0.0,4.0,0.0,0.0,0.0,0.0,0.0,0.0,0.0,0.0,0.0,0.0,0.0,1.0,0.0,1.3,11.0,0.9
116.0,0.4,0.0,0.0,2.0,0.4,8.0,47.0,0.0,100.0,135363.0,0.0,2.0,0.0,0.0,0.0,10.0,0.0,0.0,0.0,1.0,1.0,0.0,0.0,53.0,81.0,4.5,20.0,10.6
104.0,0.4,0.0,0.0,2.0,0.7,8.0,56.0,0.0,0.0,82263.0,0.0,2.0,0.0,0.0,0.0,6.0,0.0,0.0,0.0,1.0,0.0,0.0,0.0,36.0,37.0,28.1,20.0,8.5
214.0,0.5,0.0,0.0,2.0,1.0,2.0,39.0,0.0,0.0,455084.0,0.0,2.0,0.0,0.0,0.0,0.0,0.0,0.0,0.0,0.0,0.0,0.0,0.0,5.0,2.8,0.6,0.0,0.3
538.0,0.5,0.1,0.4,2.0,2.0,43.0,44.0,0.0,0.0,164484.0,0.0,1.0,0.0,0.0,0.0,1.0,0.0,0.0,0.0,0.0,0.0,1.0,0.0,8.0,9.6,0.0,0.0,1.0
245.0,0.5,0.0,0.0,2.0,1.0,14.0,42.0,0.0,0.0,60706.0,0.0,1.0,0.0,0.0,0.0,9.0,0.0,0.0,0.0,0.0,0.0,7.0,0.0,28.0,42.2,0.0,0.0,4.2
307.0,0.5,0.1,0.3,2.0,0.4,1.0,42.0,0.0,100.0,180804.0,0.0,2.0,0.0,0.0,0.0,3.0,1.0,0.0,0.0,1.0,0.0,0.0,0.0,19.0,31.8,4.0,0.0,3.4
426.0,0.5,0.0,0.2,2.0,1.0,35.0,43.0,0.0,0.0,232427.0,0.0,3.0,0.0,0.0,0.0,2.0,0.0,0.0,0.0,0.0,0.0,0.0,0.0,7.0,6.0,2.3,7.0,1.6
440.0,0.3,0.0,0.0,2.0,1.0,21.0,61.0,0.0,0.0,101537.0,0.0,3.0,0.0,0.0,0.0,0.0,0.0,0.0,0.0,0.0,0.0,0.0,0.0,8.0,2.4,0.4,2.0,0.5
124.0,0.5,0.0,0.2,2.0,1.0,8.0,44.0,0.0,100.0,243568.0,0.0,3.0,0.0,0.0,0.0,0.0,0.0,0.0,0.0,0.0,0.0,0.0,0.0,10.0,12.4,3.0,0.0,1.5
21.0,0.4,0.0,0.0,2.0,1.0,3.0,51.0,0.0,100.0,200641.0,0.0,3.0,0.0,0.0,0.0,0.0,0.0,0.0,0.0,0.0,0.0,0.0,0.0,2.0,4.2,9.7,10.0,2.4
574.0,0.4,0.0,0.2,2.0,1.0,36.0,50.0,0.0,0.0,204676.0,0.0,4.0,0.0,0.0,0.0,0.0,0.0,0.0,0.0,0.0,0.0,0.0,0.0,3.0,0.4,5.1,63.0,6.8
381.0,0.2,0.0,0.0,1.0,1.0,20.0,46.0,0.0,25.0,220598.0,0.0,4.0,0.0,0.0,0.0,0.0,0.0,0.0,0.0,0.0,0.0,0.0,0.0,2.0,0.4,0.1,0.0,0.1
380.0,0.3,0.1,0.2,1.0,1.0,20.0,39.0,1.0,100.0,214470.0,0.0,2.0,0.0,0.0,0.0,2.0,0.0,0.0,0.0,0.0,0.0,0.0,0.0,5.0,1.8,14.8,0.0,1.7
602.0,0.2,0.0,0.2,1.0,1.0,4.0,45.0,0.0,0.0,215379.0,0.0,3.0,0.0,0.0,0.0,0.0,0.0,0.0,0.0,0.0,0.0,0.0,0.0,3.0,0.0,0.3,2.0,0.2
618.0,0.2,0.0,0.2,1.0,1.0,49.0,45.0,0.0,0.0,487836.0,0.0,4.0,0.0,0.0,0.0,0.0,0.0,0.0,0.0,0.0,0.0,0.0,0.0,3.0,0.0,0.1,18.0,1.8
467.0,0.3,0.0,0.0,1.0,1.0,39.0,39.0,0.0,0.0,179456.0,0.0,2.0,0.0,0.0,0.0,0.0,0.0,0.0,0.0,0.0,0.0,0.0,0.0,2.0,0.6,0.5,0.0,0.1
471.0,0.2,0.0,0.0,1.0,0.5,39.0,41.0,0.0,0.0,216054.0,0.0,2.0,0.0,0.0,0.0,7.0,0.0,0.0,0.0,0.0,0.0,0.0,0.0,24.0,31.2,25.3,0.0,5.7
642.0,0.1,0.1,1.0,1.0,1.0,39.0,70.0,1.0,100.0,73314.0,0.0,4.0,0.0,0.0,0.0,0.0,0.0,0.0,0.0,0.0,0.0,0.0,0.0,3.0,6.0,0.3,0.0,0.6
226.0,0.2,0.0,0.2,1.0,1.0,13.0,59.0,0.0,100.0,111931.0,0.0,2.0,0.0,0.0,0.0,0.0,0.0,0.0,0.0,0.0,0.0,0.0,0.0,2.0,2.0,1.3,0.0,0.3
550.0,0.2,0.0,0.0,1.0,1.0,36.0,45.0,0.0,0.0,220738.0,0.0,3.0,0.0,0.0,0.0,0.0,0.0,0.0,0.0,0.0,0.0,0.0,0.0,3.0,0.0,0.0,0.0,0.0
579.0,0.2,0.0,0.0,1.0,1.0,13.0,49.0,0.0,0.0,149828.0,0.0,4.0,0.0,0.0,0.0,1.0,0.0,0.0,0.0,0.0,0.0,0.0,0.0,3.0,0.2,11.7,6.0,1.8
318.0,0.2,0.0,0.0,1.0,1.0,1.0,42.0,0.0,0.0,232937.0,0.0,2.0,0.0,0.0,0.0,0.0,0.0,0.0,0.0,0.0,0.0,0.0,0.0,3.0,0.4,0.3,0.0,0.1
293.0,0.2,0.0,0.0,1.0,1.0,1.0,61.0,0.0,0.0,58498.0,0.0,4.0,0.0,0.0,0.0,1.0,0.0,0.0,0.0,0.0,0.0,0.0,0.0,1.0,0.0,0.1,2.0,0.2
101.0,0.2,0.0,0.0,1.0,1.0,8.0,47.0,0.0,0.0,20310.0,0.0,1.0,0.0,0.0,0.0,3.0,0.0,0.0,0.0,0.0,0.0,0.0,0.0,7.0,4.2,0.0,0.0,0.4
525.0,0.2,0.0,0.0,1.0,0.3,54.0,42.0,0.0,0.0,72681.0,0.0,2.0,0.0,0.0,0.0,10.0,0.0,0.0,0.0,1.0,0.0,0.0,0.0,34.0,35.4,20.8,8.0,6.4
539.0,0.2,0.0,0.0,1.0,1.0,43.0,44.0,0.0,0.0,463034.0,0.0,4.0,0.0,0.0,0.0,4.0,0.0,0.0,0.0,0.0,0.0,0.0,0.0,0.0,0.0,0.3,4.0,0.2
84.0,0.2,0.0,0.2,1.0,1.0,90.0,50.0,1.0,100.0,40145.0,0.0,3.0,0.0,0.0,0.0,1.0,0.0,0.0,0.0,0.0,0.0,0.0,0.0,3.0,4.8,11.1,0.0,1.6
173.0,0.2,0.0,0.0,1.0,0.5,54.0,42.0,0.0,0.0,61739.0,0.0,2.0,0.0,0.0,0.0,1.0,0.0,0.0,0.0,2.0,0.0,0.0,0.0,12.0,12.6,1.6,1.0,1.6
82.0,0.2,0.0,0.0,1.0,0.3,90.0,44.0,0.0,100.0,17997.0,0.0,2.0,0.0,0.0,0.0,8.0,0.0,0.0,0.0,2.0,0.0,0.0,0.0,24.0,31.4,12.9,6.0,5.1
630.0,0.2,0.1,0.3,1.0,1.0,36.0,45.0,0.0,0.0,465572.0,0.0,3.0,0.0,0.0,0.0,0.0,0.0,0.0,0.0,0.0,0.0,0.0,0.0,3.0,0.0,0.0,2.0,0.2
230.0,0.2,0.0,0.0,1.0,1.0,13.0,52.0,0.0,100.0,172632.0,0.0,3.0,0.0,0.0,0.0,0.0,0.0,0.0,0.0,0.0,0.0,0.0,0.0,3.0,0.2,1.3,3.0,0.5
549.0,0.2,0.0,0.2,1.0,0.5,2.0,44.0,1.0,75.0,149915.0,0.0,2.0,0.0,0.0,0.0,3.0,0.0,0.0,0.0,1.0,0.0,0.0,0.0,14.0,30.2,0.9,0.0,3.1
559.0,0.2,0.0,0.0,1.0,1.0,11.0,40.0,0.0,0.0,495542.0,0.0,2.0,0.0,0.0,0.0,1.0,0.0,0.0,0.0,1.0,0.0,0.0,0.0,6.0,13.8,5.3,1.0,2.0
186.0,0.2,0.0,0.0,1.0,1.0,54.0,43.0,0.0,0.0,155529.0,0.0,1.0,0.0,0.0,0.0,3.0,0.0,0.0,0.0,0.0,0.0,2.0,0.0,11.0,18.2,0.0,0.0,1.8
591.0,0.0,0.0,0.0,0.0,0.0,90.0,45.0,0.0,0.0,461450.0,0.0,4.0,0.0,0.0,0.0,0.0,0.0,0.0,0.0,0.0,0.0,0.0,0.0,0.0,0.0,0.0,0.0,0.0
612.0,0.0,0.0,0.0,0.0,0.0,90.0,45.0,0.0,0.0,465299.0,0.0,3.0,0.0,0.0,0.0,0.0,0.0,0.0,0.0,0.0,0.0,0.0,0.0,0.0,0.0,0.0,0.0,0.0
592.0,0.0,0.0,0.0,0.0,0.0,90.0,45.0,0.0,0.0,461096.0,0.0,4.0,0.0,0.0,0.0,0.0,0.0,0.0,0.0,0.0,0.0,0.0,0.0,0.0,0.0,0.0,0.0,0.0
606.0,0.0,0.0,0.0,0.0,0.0,4.0,40.0,0.0,0.0,432927.0,0.0,1.0,0.0,0.0,0.0,0.0,0.0,0.0,0.0,0.0,0.0,0.0,0.0,0.0,0.0,0.0,0.0,0.0
433.0,0.0,0.0,0.0,0.0,0.0,21.0,45.0,0.0,0.0,40694.0,0.0,1.0,0.0,0.0,0.0,0.0,0.0,0.0,0.0,0.0,0.0,0.0,0.0,0.0,0.0,0.0,0.0,0.0
434.0,0.0,0.0,0.0,0.0,0.0,21.0,49.0,0.0,0.0,54102.0,0.0,3.0,0.0,0.0,0.0,0.0,0.0,0.0,0.0,0.0,0.0,0.0,0.0,0.0,0.0,0.0,0.0,0.0
583.0,0.0,0.0,0.0,0.0,0.0,90.0,40.0,0.0,0.0,168399.0,0.0,1.0,0.0,0.0,0.0,0.0,0.0,0.0,0.0,0.0,0.0,0.0,0.0,0.0,0.0,0.0,0.0,0.0
429.0,0.0,0.0,0.0,0.0,0.0,21.0,40.0,0.0,0.0,19194.0,0.0,1.0,0.0,0.0,0.0,0.0,0.0,0.0,0.0,0.0,0.0,0.0,0.0,0.0,0.0,0.0,0.0,0.0
536.0,0.0,0.0,0.0,0.0,0.0,90.0,40.0,0.0,0.0,195471.0,0.0,2.0,0.0,0.0,0.0,0.0,0.0,0.0,0.0,0.0,0.0,0.0,0.0,0.0,0.0,0.0,0.0,0.0
520.0,0.0,0.0,0.0,0.0,0.0,90.0,39.0,0.0,0.0,461102.0,0.0,2.0,0.0,0.0,0.0,0.0,0.0,0.0,0.0,0.0,0.0,0.0,0.0,0.0,0.0,0.0,0.0,0.0
99.0,0.0,0.0,0.0,0.0,0.0,90.0,40.0,0.0,100.0,220037.0,0.0,1.0,0.0,0.0,0.0,5.0,0.0,0.0,0.0,0.0,0.0,1.0,0.0,9.0,6.4,0.0,0.0,0.6
94.0,0.0,0.0,0.0,0.0,0.0,90.0,39.0,0.0,0.0,83312.0,0.0,2.0,0.0,0.0,0.0,0.0,0.0,0.0,0.0,0.0,0.0,0.0,0.0,0.0,0.0,0.0,0.0,0.0
633.0,0.0,0.0,0.0,0.0,0.0,36.0,45.0,0.0,0.0,440241.0,0.0,3.0,0.0,0.0,0.0,0.0,0.0,0.0,0.0,0.0,0.0,0.0,0.0,0.0,0.0,0.0,0.0,0.0
551.0,0.0,0.0,0.0,0.0,0.0,90.0,45.0,0.0,0.0,195064.0,0.0,3.0,0.0,0.0,0.0,0.0,0.0,0.0,0.0,0.0,0.0,0.0,0.0,0.0,0.0,0.0,0.0,0.0
600.0,0.0,0.0,0.0,0.0,0.0,35.0,40.0,0.0,0.0,38716.0,0.0,2.0,0.0,0.0,0.0,5.0,0.0,0.0,0.0,1.0,0.0,0.0,0.0,12.0,17.2,11.1,0.0,2.9
613.0,0.0,0.0,0.0,0.0,0.0,90.0,45.0,0.0,0.0,430367.0,0.0,4.0,0.0,0.0,0.0,0.0,0.0,0.0,0.0,0.0,0.0,0.0,0.0,0.0,0.0,0.0,0.0,0.0
145.0,0.0,0.0,0.0,0.0,0.0,31.0,39.0,0.0,0.0,232423.0,0.0,2.0,0.0,0.0,0.0,0.0,0.0,0.0,0.0,0.0,0.0,0.0,0.0,0.0,0.0,0.0,0.0,0.0
151.0,0.0,0.0,0.0,0.0,0.0,11.0,43.0,0.0,0.0,57513.0,0.0,1.0,0.0,0.0,0.0,0.0,0.0,0.0,0.0,0.0,0.0,0.0,0.0,0.0,0.0,0.0,0.0,0.0
416.0,0.0,0.0,0.0,0.0,0.0,35.0,48.0,0.0,0.0,82078.0,0.0,4.0,0.0,0.0,0.0,0.0,0.0,0.0,0.0,0.0,0.0,0.0,0.0,0.0,0.0,0.0,0.0,0.0
641.0,0.0,0.0,0.0,0.0,0.0,31.0,60.0,0.0,100.0,231747.0,0.0,4.0,0.0,0.0,0.0,0.0,0.0,0.0,0.0,0.0,0.0,0.0,0.0,0.0,0.0,0.0,0.0,0.0
586.0,0.0,0.0,0.0,0.0,0.0,31.0,45.0,0.0,100.0,105666.0,0.0,1.0,0.0,0.0,0.0,0.0,0.0,0.0,0.0,0.0,0.0,0.0,0.0,0.0,0.0,0.0,0.0,0.0
578.0,0.0,0.0,0.0,0.0,0.0,31.0,40.0,0.0,0.0,42525.0,0.0,1.0,0.0,0.0,0.0,0.0,0.0,0.0,0.0,0.0,0.0,0.0,0.0,0.0,0.0,0.0,0.0,0.0
420.0,0.0,0.0,0.0,0.0,0.0,35.0,45.0,0.0,0.0,173809.0,0.0,3.0,0.0,0.0,0.0,0.0,0.0,0.0,0.0,0.0,0.0,0.0,0.0,0.0,0.0,0.0,0.0,0.0
534.0,0.0,0.0,0.0,0.0,0.0,31.0,40.0,0.0,0.0,114536.0,0.0,2.0,0.0,0.0,0.0,0.0,0.0,0.0,0.0,0.0,0.0,0.0,0.0,0.0,0.0,0.0,0.0,0.0
522.0,0.0,0.0,0.0,0.0,0.0,31.0,40.0,0.0,100.0,221272.0,0.0,2.0,0.0,0.0,0.0,0.0,0.0,0.0,0.0,0.0,0.0,0.0,0.0,0.0,0.0,0.0,0.0,0.0
147.0,0.0,0.0,0.0,0.0,0.0,31.0,43.0,0.0,0.0,466955.0,0.0,3.0,0.0,0.0,0.0,0.0,0.0,0.0,0.0,0.0,0.0,0.0,0.0,0.0,0.0,0.0,0.0,0.0
143.0,0.0,0.0,0.0,0.0,0.0,31.0,47.0,0.0,0.0,141020.0,0.0,3.0,0.0,0.0,0.0,0.0,0.0,0.0,0.0,0.0,0.0,0.0,0.0,0.0,0.0,0.0,0.0,0.0
639.0,0.0,0.0,0.0,0.0,0.0,35.0,40.0,0.0,0.0,11948.0,0.0,1.0,0.0,0.0,0.0,0.0,0.0,0.0,0.0,0.0,0.0,0.0,0.0,0.0,0.0,0.0,0.0,0.0
136.0,0.0,0.0,0.0,0.0,0.0,31.0,44.0,0.0,0.0,59125.0,0.0,4.0,0.0,0.0,0.0,0.0,0.0,0.0,0.0,0.0,0.0,0.0,0.0,0.0,0.0,0.0,0.0,0.0
135.0,0.0,0.0,0.0,0.0,0.0,31.0,41.0,0.0,0.0,58786.0,0.0,2.0,0.0,0.0,0.0,0.0,0.0,0.0,0.0,0.0,0.0,0.0,0.0,0.0,0.0,0.0,0.0,0.0
126.0,0.0,0.0,0.0,0.0,0.0,31.0,43.0,0.0,0.0,20066.0,0.0,1.0,0.0,0.0,0.0,0.0,0.0,0.0,0.0,0.0,0.0,0.0,0.0,0.0,0.0,0.0,0.0,0.0
499.0,0.0,0.0,0.0,0.0,0.0,35.0,43.0,0.0,0.0,183015.0,0.0,2.0,0.0,0.0,0.0,0.0,0.0,0.0,0.0,0.0,0.0,0.0,0.0,0.0,0.0,0.0,0.0,0.0
605.0,0.0,0.0,0.0,0.0,0.0,8.0,45.0,0.0,0.0,223332.0,0.0,3.0,0.0,0.0,0.0,0.0,0.0,0.0,0.0,0.0,0.0,0.0,0.0,0.0,0.0,0.0,0.0,0.0
593.0,0.0,0.0,0.0,0.0,0.0,8.0,40.0,0.0,0.0,431019.0,0.0,1.0,0.0,0.0,0.0,0.0,0.0,0.0,0.0,0.0,0.0,0.0,0.0,0.0,0.0,0.0,0.0,0.0
121.0,0.0,0.0,0.0,0.0,0.0,8.0,47.0,0.0,0.0,194794.0,0.0,2.0,0.0,0.0,0.0,2.0,0.0,0.0,0.0,0.0,0.0,0.0,0.0,8.0,26.6,0.1,0.0,2.7
632.0,0.0,0.0,0.0,0.0,0.0,36.0,45.0,0.0,0.0,215062.0,0.0,3.0,0.0,0.0,0.0,0.0,0.0,0.0,0.0,0.0,0.0,0.0,0.0,0.0,0.0,0.0,0.0,0.0
621.0,0.0,0.0,0.0,0.0,0.0,35.0,45.0,0.0,0.0,505265.0,0.0,4.0,0.0,0.0,0.0,0.0,0.0,0.0,0.0,0.0,0.0,0.0,0.0,0.0,0.0,0.0,0.0,0.0
444.0,0.0,0.0,0.0,0.0,0.0,21.0,55.0,0.0,0.0,167522.0,0.0,4.0,0.0,0.0,0.0,0.0,0.0,0.0,0.0,0.0,0.0,0.0,0.0,0.0,0.0,0.0,0.0,0.0
631.0,0.0,0.0,0.0,0.0,0.0,36.0,45.0,0.0,0.0,244848.0,0.0,3.0,0.0,0.0,0.0,0.0,0.0,0.0,0.0,0.0,0.0,0.0,0.0,0.0,0.0,0.0,0.0,0.0
447.0,0.0,0.0,0.0,0.0,0.0,21.0,55.0,0.0,0.0,181008.0,0.0,4.0,0.0,0.0,0.0,0.0,0.0,0.0,0.0,0.0,0.0,0.0,0.0,0.0,0.0,0.0,0.0,0.0
553.0,0.0,0.0,0.0,0.0,0.0,39.0,44.0,0.0,0.0,225368.0,0.0,3.0,0.0,0.0,0.0,0.0,0.0,0.0,0.0,0.0,0.0,0.0,0.0,0.0,0.0,0.0,0.0,0.0
472.0,0.0,0.0,0.0,0.0,0.0,39.0,44.0,0.0,0.0,216208.0,0.0,1.0,0.0,0.0,0.0,0.0,0.0,0.0,0.0,0.0,0.0,0.0,0.0,0.0,0.0,0.0,0.0,0.0
32.0,0.0,0.0,0.0,0.0,0.0,7.0,40.0,0.0,0.0,79852.0,0.0,1.0,0.0,0.0,0.0,0.0,0.0,0.0,0.0,0.0,0.0,0.0,0.0,0.0,0.0,0.0,0.0,0.0
475.0,0.0,0.0,0.0,0.0,0.0,39.0,43.0,0.0,0.0,428610.0,0.0,3.0,0.0,0.0,0.0,0.0,0.0,0.0,0.0,0.0,0.0,0.0,0.0,0.0,0.0,0.0,0.0,0.0
476.0,0.0,0.0,0.0,0.0,0.0,39.0,48.0,0.0,0.0,474003.0,0.0,4.0,0.0,0.0,0.0,0.0,0.0,0.0,0.0,0.0,0.0,0.0,0.0,0.0,0.0,0.0,0.0,0.0
30.0,0.0,0.0,0.0,0.0,0.0,7.0,43.0,0.0,0.0,40564.0,0.0,3.0,0.0,0.0,0.0,0.0,0.0,0.0,0.0,0.0,0.0,0.0,0.0,0.0,0.0,0.0,0.0,0.0
28.0,0.0,0.0,0.0,0.0,0.0,7.0,45.0,0.0,100.0,21205.0,0.0,1.0,0.0,0.0,0.0,0.0,0.0,0.0,0.0,0.0,0.0,0.0,0.0,0.0,0.0,0.0,0.0,0.0
547.0,0.0,0.0,0.0,0.0,0.0,3.0,45.0,0.0,0.0,115918.0,0.0,1.0,0.0,0.0,0.0,0.0,0.0,0.0,0.0,0.0,0.0,0.0,0.0,0.0,0.0,0.0,0.0,0.0
527.0,0.0,0.0,0.0,0.0,0.0,3.0,40.0,0.0,0.0,113534.0,0.0,1.0,0.0,0.0,0.0,0.0,0.0,0.0,0.0,0.0,0.0,0.0,0.0,0.0,0.0,0.0,0.0,0.0
27.0,0.0,0.0,0.0,0.0,0.0,3.0,40.0,0.0,0.0,462424.0,0.0,2.0,0.0,0.0,0.0,0.0,0.0,0.0,0.0,0.0,0.0,0.0,0.0,0.0,0.0,0.0,0.0,0.0
25.0,0.0,0.0,0.0,0.0,0.0,3.0,47.0,0.0,0.0,242166.0,0.0,3.0,0.0,0.0,0.0,0.0,0.0,0.0,0.0,0.0,0.0,0.0,0.0,0.0,0.0,0.0,0.0,0.0
35.0,0.0,0.0,0.0,0.0,0.0,7.0,40.0,0.0,0.0,98770.0,0.0,1.0,0.0,0.0,0.0,0.0,0.0,0.0,0.0,0.0,0.0,0.0,0.0,0.0,0.0,0.0,0.0,0.0
19.0,0.0,0.0,0.0,0.0,0.0,3.0,47.0,0.0,0.0,198849.0,0.0,3.0,0.0,0.0,0.0,0.0,0.0,0.0,0.0,0.0,0.0,0.0,0.0,0.0,0.0,0.0,0.0,0.0
610.0,0.0,0.0,0.0,0.0,0.0,39.0,45.0,0.0,0.0,443296.0,0.0,3.0,0.0,0.0,0.0,0.0,0.0,0.0,0.0,0.0,0.0,0.0,0.0,0.0,0.0,0.0,0.0,0.0
611.0,0.0,0.0,0.0,0.0,0.0,39.0,45.0,0.0,0.0,232361.0,0.0,3.0,0.0,0.0,0.0,0.0,0.0,0.0,0.0,0.0,0.0,0.0,0.0,0.0,0.0,0.0,0.0,0.0
614.0,0.0,0.0,0.0,0.0,0.0,39.0,45.0,0.0,0.0,245923.0,0.0,3.0,0.0,0.0,0.0,0.0,0.0,0.0,0.0,0.0,0.0,0.0,0.0,0.0,0.0,0.0,0.0,0.0
615.0,0.0,0.0,0.0,0.0,0.0,39.0,40.0,0.0,0.0,437688.0,0.0,2.0,0.0,0.0,0.0,0.0,0.0,0.0,0.0,0.0,0.0,0.0,0.0,0.0,0.0,0.0,0.0,0.0
616.0,0.0,0.0,0.0,0.0,0.0,39.0,40.0,0.0,0.0,481626.0,0.0,2.0,0.0,0.0,0.0,0.0,0.0,0.0,0.0,0.0,0.0,0.0,0.0,0.0,0.0,0.0,0.0,0.0
617.0,0.0,0.0,0.0,0.0,0.0,39.0,40.0,0.0,0.0,448487.0,0.0,1.0,0.0,0.0,0.0,0.0,0.0,0.0,0.0,0.0,0.0,0.0,0.0,0.0,0.0,0.0,0.0,0.0
13.0,0.0,0.0,0.0,0.0,0.0,3.0,45.0,0.0,100.0,101184.0,0.0,2.0,0.0,0.0,0.0,0.0,0.0,0.0,0.0,0.0,0.0,0.0,0.0,0.0,0.0,0.0,0.0,0.0
629.0,0.0,0.0,0.0,0.0,0.0,39.0,40.0,0.0,0.0,465551.0,0.0,2.0,0.0,0.0,0.0,0.0,0.0,0.0,0.0,0.0,0.0,0.0,0.0,0.0,0.0,0.0,0.0,0.0
34.0,0.0,0.0,0.0,0.0,0.0,7.0,59.0,0.0,0.0,89274.0,0.0,3.0,0.0,0.0,0.0,0.0,0.0,0.0,0.0,0.0,0.0,0.0,0.0,0.0,0.0,0.0,0.0,0.0
36.0,0.0,0.0,0.0,0.0,0.0,7.0,44.0,0.0,100.0,108156.0,0.0,2.0,0.0,0.0,0.0,0.0,0.0,0.0,0.0,0.0,0.0,0.0,0.0,0.0,0.0,0.0,0.0,0.0
167.0,0.0,0.0,0.0,0.0,0.0,11.0,43.0,0.0,0.0,222627.0,0.0,1.0,0.0,0.0,0.0,0.0,0.0,0.0,0.0,0.0,0.0,0.0,0.0,0.0,0.0,0.0,0.0,0.0
63.0,0.0,0.0,0.0,0.0,0.0,36.0,45.0,0.0,0.0,86153.0,0.0,2.0,0.0,0.0,0.0,0.0,0.0,0.0,0.0,0.0,0.0,0.0,0.0,0.0,0.0,0.0,0.0,0.0
628.0,0.0,0.0,0.0,0.0,0.0,36.0,50.0,0.0,100.0,243505.0,0.0,3.0,0.0,0.0,0.0,0.0,0.0,0.0,0.0,0.0,0.0,0.0,0.0,0.0,0.0,0.0,0.0,0.0
528.0,0.0,0.0,0.0,0.0,0.0,36.0,40.0,0.0,0.0,49262.0,0.0,1.0,0.0,0.0,0.0,0.0,0.0,0.0,0.0,0.0,0.0,0.0,0.0,0.0,0.0,0.0,0.0,0.0
503.0,0.0,0.0,0.0,0.0,0.0,36.0,40.0,0.0,100.0,108813.0,0.0,1.0,0.0,0.0,0.0,0.0,0.0,0.0,0.0,0.0,0.0,0.0,0.0,0.0,0.0,0.0,0.0,0.0
73.0,0.0,0.0,0.0,0.0,0.0,36.0,44.0,0.0,0.0,178173.0,0.0,2.0,0.0,0.0,0.0,0.0,0.0,0.0,0.0,0.0,0.0,0.0,0.0,0.0,0.0,0.0,0.0,0.0
72.0,0.0,0.0,0.0,0.0,0.0,36.0,55.0,0.0,0.0,167473.0,0.0,3.0,0.0,0.0,0.0,0.0,0.0,0.0,0.0,0.0,0.0,0.0,0.0,0.0,0.0,0.0,0.0,0.0
637.0,0.0,0.0,0.0,0.0,0.0,21.0,40.0,0.0,0.0,486870.0,0.0,2.0,0.0,0.0,0.0,0.0,0.0,0.0,0.0,0.0,0.0,0.0,0.0,0.0,0.0,0.0,0.0,0.0
638.0,0.0,0.0,0.0,0.0,0.0,21.0,45.0,0.0,0.0,461533.0,0.0,4.0,0.0,0.0,0.0,0.0,0.0,0.0,0.0,0.0,0.0,0.0,0.0,0.0,0.0,0.0,0.0,0.0
453.0,0.0,0.0,0.0,0.0,0.0,39.0,43.0,0.0,0.0,19236.0,0.0,1.0,0.0,0.0,0.0,0.0,0.0,0.0,0.0,0.0,0.0,0.0,0.0,0.0,0.0,0.0,0.0,0.0
64.0,0.0,0.0,0.0,0.0,0.0,36.0,48.0,0.0,0.0,93284.0,0.0,4.0,0.0,0.0,0.0,0.0,0.0,0.0,0.0,0.0,0.0,0.0,0.0,0.0,0.0,0.0,0.0,0.0
456.0,0.0,0.0,0.0,0.0,0.0,39.0,44.0,0.0,0.0,41727.0,0.0,2.0,0.0,0.0,0.0,0.0,0.0,0.0,0.0,0.0,0.0,0.0,0.0,0.0,0.0,0.0,0.0,0.0
43.0,0.0,0.0,0.0,0.0,0.0,7.0,45.0,0.0,0.0,184386.0,0.0,2.0,0.0,0.0,0.0,0.0,0.0,0.0,0.0,0.0,0.0,0.0,0.0,0.0,0.0,0.0,0.0,0.0
60.0,0.0,0.0,0.0,0.0,0.0,36.0,50.0,0.0,0.0,74471.0,0.0,3.0,0.0,0.0,0.0,0.0,0.0,0.0,0.0,0.0,0.0,0.0,0.0,0.0,0.0,0.0,0.0,0.0
58.0,0.0,0.0,0.0,0.0,0.0,36.0,43.0,0.0,0.0,61933.0,0.0,2.0,0.0,0.0,0.0,0.0,0.0,0.0,0.0,0.0,0.0,0.0,0.0,0.0,0.0,0.0,0.0,0.0
53.0,0.0,0.0,0.0,0.0,0.0,36.0,48.0,0.0,0.0,20529.0,0.0,4.0,0.0,0.0,0.0,0.0,0.0,0.0,0.0,0.0,0.0,0.0,0.0,0.0,0.0,0.0,0.0,0.0
51.0,0.0,0.0,0.0,0.0,0.0,7.0,43.0,0.0,0.0,223349.0,0.0,4.0,0.0,0.0,0.0,0.0,0.0,0.0,0.0,0.0,0.0,0.0,0.0,0.0,0.0,0.0,0.0,0.0
462.0,0.0,0.0,0.0,0.0,0.0,39.0,54.0,0.0,0.0,114128.0,0.0,2.0,0.0,0.0,0.0,0.0,0.0,0.0,0.0,0.0,0.0,0.0,0.0,0.0,0.0,0.0,0.0,0.0
463.0,0.0,0.0,0.0,0.0,0.0,39.0,48.0,0.0,0.0,141569.0,0.0,4.0,0.0,0.0,0.0,0.0,0.0,0.0,0.0,0.0,0.0,0.0,0.0,0.0,0.0,0.0,0.0,0.0
49.0,0.0,0.0,0.0,0.0,0.0,7.0,59.0,0.0,0.0,217487.0,0.0,4.0,0.0,0.0,0.0,0.0,0.0,0.0,0.0,0.0,0.0,0.0,0.0,0.0,0.0,0.0,0.0,0.0
48.0,0.0,0.0,0.0,0.0,0.0,7.0,60.0,0.0,0.0,213345.0,0.0,4.0,0.0,0.0,0.0,0.0,0.0,0.0,0.0,0.0,0.0,0.0,0.0,0.0,0.0,0.0,0.0,0.0
47.0,0.0,0.0,0.0,0.0,0.0,7.0,43.0,0.0,100.0,203368.0,0.0,2.0,0.0,0.0,0.0,0.0,0.0,0.0,0.0,0.0,0.0,0.0,0.0,0.0,0.0,0.0,0.0,0.0
161.0,0.0,0.0,0.0,0.0,0.0,11.0,50.0,0.0,0.0,160987.0,0.0,3.0,0.0,0.0,0.0,0.0,0.0,0.0,0.0,0.0,0.0,0.0,0.0,0.0,0.0,0.0,0.0,0.0
171.0,0.0,0.0,0.0,0.0,0.0,54.0,40.0,0.0,0.0,40559.0,0.0,1.0,0.0,0.0,0.0,0.0,0.0,0.0,0.0,0.0,0.0,0.0,0.0,0.0,0.0,0.0,0.0,0.0
170.0,0.0,0.0,0.0,0.0,0.0,11.0,39.0,0.0,0.0,480455.0,0.0,2.0,0.0,0.0,0.0,0.0,0.0,0.0,0.0,0.0,0.0,0.0,0.0,0.0,0.0,0.0,0.0,0.0
292.0,0.0,0.0,0.0,0.0,0.0,1.0,49.0,0.0,0.0,55909.0,0.0,2.0,0.0,0.0,0.0,0.0,0.0,0.0,0.0,0.0,0.0,0.0,0.0,0.0,0.0,0.0,0.0,0.0
289.0,0.0,0.0,0.0,0.0,0.0,1.0,49.0,0.0,0.0,42899.0,0.0,1.0,0.0,0.0,0.0,0.0,0.0,0.0,0.0,0.0,0.0,0.0,0.0,0.0,0.0,0.0,0.0,0.0
623.0,0.0,0.0,0.0,0.0,0.0,43.0,40.0,0.0,0.0,245719.0,0.0,2.0,0.0,0.0,0.0,0.0,0.0,0.0,0.0,0.0,0.0,0.0,0.0,0.0,0.0,0.0,0.0,0.0
622.0,0.0,0.0,0.0,0.0,0.0,43.0,40.0,0.0,0.0,439510.0,0.0,2.0,0.0,0.0,0.0,0.0,0.0,0.0,0.0,0.0,0.0,0.0,0.0,0.0,0.0,0.0,0.0,0.0
609.0,0.0,0.0,0.0,0.0,0.0,43.0,45.0,0.0,0.0,219265.0,0.0,3.0,0.0,0.0,0.0,0.0,0.0,0.0,0.0,0.0,0.0,0.0,0.0,0.0,0.0,0.0,0.0,0.0
608.0,0.0,0.0,0.0,0.0,0.0,43.0,40.0,0.0,75.0,17601.0,0.0,1.0,0.0,0.0,0.0,0.0,0.0,0.0,0.0,0.0,0.0,0.0,0.0,0.0,0.0,0.0,0.0,0.0
595.0,0.0,0.0,0.0,0.0,0.0,43.0,40.0,0.0,0.0,432720.0,0.0,1.0,0.0,0.0,0.0,0.0,0.0,0.0,0.0,0.0,0.0,0.0,0.0,0.0,0.0,0.0,0.0,0.0
552.0,0.0,0.0,0.0,0.0,0.0,43.0,44.0,0.0,25.0,244851.0,0.0,3.0,0.0,0.0,0.0,0.0,0.0,0.0,0.0,0.0,0.0,0.0,0.0,0.0,0.0,0.0,0.0,0.0
537.0,0.0,0.0,0.0,0.0,0.0,43.0,45.0,0.0,100.0,449926.0,0.0,3.0,0.0,0.0,0.0,0.0,0.0,0.0,0.0,0.0,0.0,0.0,0.0,0.0,0.0,0.0,0.0,0.0
285.0,0.0,0.0,0.0,0.0,0.0,43.0,44.0,0.0,100.0,220394.0,0.0,3.0,0.0,0.0,0.0,0.0,0.0,0.0,0.0,0.0,0.0,0.0,0.0,0.0,0.0,0.0,0.0,0.0
269.0,0.0,0.0,0.0,0.0,0.0,43.0,49.0,0.0,0.0,57410.0,0.0,2.0,0.0,0.0,0.0,0.0,0.0,0.0,0.0,0.0,0.0,0.0,0.0,0.0,0.0,0.0,0.0,0.0
267.0,0.0,0.0,0.0,0.0,0.0,43.0,45.0,0.0,0.0,33148.0,0.0,1.0,0.0,0.0,0.0,0.0,0.0,0.0,0.0,0.0,0.0,0.0,0.0,0.0,0.0,0.0,0.0,0.0
607.0,0.0,0.0,0.0,0.0,0.0,14.0,45.0,0.0,0.0,243343.0,0.0,3.0,0.0,0.0,0.0,0.0,0.0,0.0,0.0,0.0,0.0,0.0,0.0,0.0,0.0,0.0,0.0,0.0
371.0,0.0,0.0,0.0,0.0,0.0,20.0,43.0,0.0,0.0,107265.0,0.0,1.0,0.0,0.0,0.0,0.0,0.0,0.0,0.0,0.0,0.0,0.0,0.0,0.0,0.0,0.0,0.0,0.0
372.0,0.0,0.0,0.0,0.0,0.0,20.0,54.0,0.0,0.0,128198.0,0.0,3.0,0.0,0.0,0.0,0.0,0.0,0.0,0.0,0.0,0.0,0.0,0.0,0.0,0.0,0.0,0.0,0.0
374.0,0.0,0.0,0.0,0.0,0.0,20.0,43.0,0.0,0.0,153379.0,0.0,3.0,0.0,0.0,0.0,0.0,0.0,0.0,0.0,0.0,0.0,0.0,0.0,0.0,0.0,0.0,0.0,0.0
601.0,0.0,0.0,0.0,0.0,0.0,14.0,45.0,0.0,0.0,233489.0,0.0,3.0,0.0,0.0,0.0,0.0,0.0,0.0,0.0,0.0,0.0,0.0,0.0,0.0,0.0,0.0,0.0,0.0
265.0,0.0,0.0,0.0,0.0,0.0,14.0,43.0,0.0,0.0,444884.0,0.0,3.0,0.0,0.0,0.0,0.0,0.0,0.0,0.0,0.0,0.0,0.0,0.0,0.0,0.0,0.0,0.0,0.0
257.0,0.0,0.0,0.0,0.0,0.0,14.0,51.0,0.0,0.0,153682.0,0.0,3.0,0.0,0.0,0.0,0.0,0.0,0.0,0.0,0.0,0.0,0.0,0.0,0.0,0.0,0.0,0.0,0.0
2.0,0.0,0.0,0.0,0.0,0.0,3.0,48.0,0.0,0.0,39476.0,0.0,2.0,0.0,0.0,0.0,0.0,0.0,0.0,0.0,0.0,0.0,0.0,0.0,0.0,0.0,0.0,0.0,0.0
580.0,0.0,0.0,0.0,0.0,0.0,49.0,40.0,0.0,0.0,194126.0,0.0,1.0,0.0,0.0,0.0,0.0,0.0,0.0,0.0,0.0,0.0,0.0,0.0,0.0,0.0,0.0,0.0,0.0
294.0,0.0,0.0,0.0,0.0,0.0,1.0,48.0,0.0,0.0,58893.0,0.0,2.0,0.0,0.0,0.0,0.0,0.0,0.0,0.0,0.0,0.0,0.0,0.0,0.0,0.0,0.0,0.0,0.0
596.0,0.0,0.0,0.0,0.0,0.0,11.0,45.0,0.0,0.0,218997.0,0.0,4.0,0.0,0.0,0.0,0.0,0.0,0.0,0.0,0.0,0.0,0.0,0.0,0.0,0.0,0.0,0.0,0.0
297.0,0.0,0.0,0.0,0.0,0.0,1.0,48.0,0.0,0.0,76359.0,0.0,2.0,0.0,0.0,0.0,0.0,0.0,0.0,0.0,0.0,0.0,0.0,0.0,0.0,0.0,0.0,0.0,0.0
342.0,0.0,0.0,0.0,0.0,0.0,4.0,39.0,0.0,0.0,232977.0,0.0,2.0,0.0,0.0,0.0,0.0,0.0,0.0,0.0,0.0,0.0,0.0,0.0,0.0,0.0,0.0,0.0,0.0
341.0,0.0,0.0,0.0,0.0,0.0,4.0,48.0,0.0,0.0,196118.0,0.0,4.0,0.0,0.0,0.0,0.0,0.0,0.0,0.0,0.0,0.0,0.0,0.0,0.0,0.0,0.0,0.0,0.0
337.0,0.0,0.0,0.0,0.0,0.0,4.0,48.0,0.0,0.0,155513.0,0.0,3.0,0.0,0.0,0.0,0.0,0.0,0.0,0.0,0.0,0.0,0.0,0.0,0.0,0.0,0.0,0.0,0.0
330.0,0.0,0.0,0.0,0.0,0.0,4.0,52.0,0.0,0.0,104953.0,0.0,3.0,0.0,0.0,0.0,0.0,0.0,0.0,0.0,0.0,0.0,0.0,0.0,0.0,0.0,0.0,0.0,0.0
327.0,0.0,0.0,0.0,0.0,0.0,4.0,43.0,0.0,0.0,77359.0,0.0,2.0,0.0,0.0,0.0,0.0,0.0,0.0,0.0,0.0,0.0,0.0,0.0,0.0,0.0,0.0,0.0,0.0
348.0,0.0,0.0,0.0,0.0,0.0,49.0,43.0,0.0,0.0,74854.0,0.0,1.0,0.0,0.0,0.0,0.0,0.0,0.0,0.0,0.0,0.0,0.0,0.0,0.0,0.0,0.0,0.0,0.0
326.0,0.0,0.0,0.0,0.0,0.0,4.0,48.0,0.0,100.0,67089.0,0.0,1.0,0.0,0.0,0.0,0.0,0.0,0.0,0.0,0.0,0.0,0.0,0.0,0.0,0.0,0.0,0.0,0.0
350.0,0.0,0.0,0.0,0.0,0.0,49.0,43.0,0.0,0.0,82143.0,0.0,1.0,0.0,0.0,0.0,0.0,0.0,0.0,0.0,0.0,0.0,0.0,0.0,0.0,0.0,0.0,0.0,0.0
640.0,0.0,0.0,0.0,0.0,0.0,1.0,55.0,0.0,0.0,493250.0,0.0,3.0,0.0,0.0,0.0,0.0,0.0,0.0,0.0,0.0,0.0,0.0,0.0,0.0,0.0,0.0,0.0,0.0
604.0,0.0,0.0,0.0,0.0,0.0,1.0,40.0,0.0,0.0,6744.0,0.0,1.0,0.0,0.0,0.0,0.0,0.0,0.0,0.0,0.0,0.0,0.0,0.0,0.0,0.0,0.0,0.0,0.0
575.0,0.0,0.0,0.0,0.0,0.0,1.0,52.0,0.0,0.0,488404.0,0.0,3.0,0.0,0.0,0.0,0.0,0.0,0.0,0.0,0.0,0.0,0.0,0.0,0.0,0.0,0.0,0.0,0.0
319.0,0.0,0.0,0.0,0.0,0.0,1.0,39.0,0.0,0.0,244856.0,0.0,2.0,0.0,0.0,0.0,0.0,0.0,0.0,0.0,0.0,0.0,0.0,0.0,0.0,0.0,0.0,0.0,0.0
317.0,0.0,0.0,0.0,0.0,0.0,1.0,44.0,0.0,0.0,232928.0,0.0,3.0,0.0,0.0,0.0,0.0,0.0,0.0,0.0,0.0,0.0,0.0,0.0,0.0,0.0,0.0,0.0,0.0
316.0,0.0,0.0,0.0,0.0,0.0,1.0,44.0,0.0,0.0,222677.0,0.0,3.0,0.0,0.0,0.0,0.0,0.0,0.0,0.0,0.0,0.0,0.0,0.0,0.0,0.0,0.0,0.0,0.0
314.0,0.0,0.0,0.0,0.0,0.0,1.0,48.0,0.0,0.0,216051.0,0.0,2.0,0.0,0.0,0.0,0.0,0.0,0.0,0.0,0.0,0.0,0.0,0.0,0.0,0.0,0.0,0.0,0.0
312.0,0.0,0.0,0.0,0.0,0.0,1.0,43.0,0.0,0.0,201084.0,0.0,2.0,0.0,0.0,0.0,2.0,0.0,0.0,0.0,1.0,0.0,0.0,0.0,17.0,17.8,30.5,16.0,6.4
304.0,0.0,0.0,0.0,0.0,0.0,1.0,48.0,0.0,0.0,156689.0,0.0,3.0,0.0,0.0,0.0,0.0,0.0,0.0,0.0,0.0,0.0,0.0,0.0,0.0,0.0,0.0,0.0,0.0
477.0,0.0,0.0,0.0,0.0,0.0,49.0,50.0,0.0,0.0,49083.0,0.0,3.0,0.0,0.0,0.0,0.0,0.0,0.0,0.0,0.0,0.0,0.0,0.0,0.0,0.0,0.0,0.0,0.0
301.0,0.0,0.0,0.0,0.0,0.0,1.0,59.0,0.0,100.0,109322.0,0.0,3.0,0.0,0.0,0.0,0.0,0.0,0.0,0.0,0.0,0.0,0.0,0.0,0.0,0.0,0.0,0.0,0.0
242.0,0.0,0.0,0.0,0.0,0.0,14.0,49.0,0.0,0.0,214285.0,0.0,2.0,0.0,0.0,0.0,0.0,0.0,0.0,0.0,0.0,0.0,0.0,0.0,0.0,0.0,0.0,0.0,0.0
620.0,0.0,0.0,0.0,0.0,0.0,2.0,40.0,0.0,0.0,492373.0,0.0,2.0,0.0,0.0,0.0,0.0,0.0,0.0,0.0,0.0,0.0,0.0,0.0,0.0,0.0,0.0,0.0,0.0
619.0,0.0,0.0,0.0,0.0,0.0,2.0,45.0,0.0,0.0,492066.0,0.0,4.0,0.0,0.0,0.0,0.0,0.0,0.0,0.0,0.0,0.0,0.0,0.0,0.0,0.0,0.0,0.0,0.0
599.0,0.0,0.0,0.0,0.0,0.0,2.0,45.0,0.0,0.0,492374.0,0.0,3.0,0.0,0.0,0.0,0.0,0.0,0.0,0.0,0.0,0.0,0.0,0.0,0.0,0.0,0.0,0.0,0.0
585.0,0.0,0.0,0.0,0.0,0.0,54.0,43.0,0.0,0.0,109434.0,0.0,2.0,0.0,0.0,0.0,0.0,0.0,0.0,0.0,0.0,0.0,0.0,0.0,0.0,0.0,0.0,0.0,0.0
399.0,0.0,0.0,0.0,0.0,0.0,6.0,47.0,0.0,0.0,184349.0,0.0,2.0,0.0,0.0,0.0,0.0,0.0,0.0,0.0,0.0,0.0,0.0,0.0,0.0,0.0,0.0,0.0,0.0
192.0,0.0,0.0,0.0,0.0,0.0,54.0,43.0,0.0,0.0,208998.0,0.0,2.0,0.0,0.0,0.0,0.0,0.0,0.0,0.0,0.0,0.0,0.0,0.0,0.0,0.0,0.0,0.0,0.0
401.0,0.0,0.0,0.0,0.0,0.0,6.0,47.0,0.0,0.0,195774.0,0.0,3.0,0.0,0.0,0.0,0.0,0.0,0.0,0.0,0.0,0.0,0.0,0.0,0.0,0.0,0.0,0.0,0.0
402.0,0.0,0.0,0.0,0.0,0.0,6.0,49.0,0.0,100.0,199584.0,0.0,2.0,0.0,0.0,0.0,0.0,0.0,0.0,0.0,0.0,0.0,0.0,0.0,0.0,0.0,0.0,0.0,0.0
189.0,0.0,0.0,0.0,0.0,0.0,54.0,46.0,0.0,0.0,170271.0,0.0,3.0,0.0,0.0,0.0,0.0,0.0,0.0,0.0,0.0,0.0,0.0,0.0,0.0,0.0,0.0,0.0,0.0
404.0,0.0,0.0,0.0,0.0,0.0,6.0,44.0,0.0,0.0,209042.0,0.0,3.0,0.0,0.0,0.0,0.0,0.0,0.0,0.0,0.0,0.0,0.0,0.0,0.0,0.0,0.0,0.0,0.0
406.0,0.0,0.0,0.0,0.0,0.0,6.0,43.0,0.0,0.0,234908.0,0.0,2.0,0.0,0.0,0.0,0.0,0.0,0.0,0.0,0.0,0.0,0.0,0.0,0.0,0.0,0.0,0.0,0.0
185.0,0.0,0.0,0.0,0.0,0.0,54.0,43.0,0.0,0.0,149266.0,0.0,2.0,0.0,0.0,0.0,0.0,0.0,0.0,0.0,0.0,0.0,0.0,0.0,0.0,0.0,0.0,0.0,0.0
482.0,0.0,0.0,0.0,0.0,0.0,6.0,43.0,0.0,100.0,15749.0,0.0,1.0,0.0,0.0,0.0,0.0,0.0,0.0,0.0,0.0,0.0,0.0,0.0,0.0,0.0,0.0,0.0,0.0
521.0,0.0,0.0,0.0,0.0,0.0,6.0,39.0,0.0,0.0,168763.0,0.0,2.0,0.0,0.0,0.0,0.0,0.0,0.0,0.0,0.0,0.0,0.0,0.0,0.0,0.0,0.0,0.0,0.0
183.0,0.0,0.0,0.0,0.0,0.0,54.0,43.0,0.0,0.0,122074.0,0.0,1.0,0.0,0.0,0.0,0.0,0.0,0.0,0.0,0.0,0.0,0.0,0.0,0.0,0.0,0.0,0.0,0.0
179.0,0.0,0.0,0.0,0.0,0.0,54.0,42.0,0.0,0.0,87107.0,0.0,2.0,0.0,0.0,0.0,0.0,0.0,0.0,0.0,0.0,0.0,0.0,0.0,0.0,0.0,0.0,0.0,0.0
178.0,0.0,0.0,0.0,0.0,0.0,54.0,42.0,0.0,0.0,84915.0,0.0,2.0,0.0,0.0,0.0,10.0,0.0,0.0,0.0,2.0,0.0,0.0,0.0,32.0,40.8,11.3,18.0,6.9
177.0,0.0,0.0,0.0,0.0,0.0,54.0,50.0,0.0,0.0,83543.0,0.0,3.0,0.0,0.0,0.0,0.0,0.0,0.0,0.0,0.0,0.0,0.0,0.0,0.0,0.0,0.0,0.0,0.0
174.0,0.0,0.0,0.0,0.0,0.0,54.0,47.0,0.0,0.0,61916.0,0.0,3.0,0.0,0.0,0.0,0.0,0.0,0.0,0.0,0.0,0.0,0.0,0.0,0.0,0.0,0.0,0.0,0.0
172.0,0.0,0.0,0.0,0.0,0.0,54.0,47.0,0.0,0.0,55038.0,0.0,3.0,0.0,0.0,0.0,0.0,0.0,0.0,0.0,0.0,0.0,0.0,0.0,0.0,0.0,0.0,0.0,0.0
488.0,0.0,0.0,0.0,0.0,0.0,4.0,43.0,0.0,0.0,81441.0,0.0,1.0,0.0,0.0,0.0,0.0,0.0,0.0,0.0,0.0,0.0,0.0,0.0,0.0,0.0,0.0,0.0,0.0
644.0,0.0,0.0,0.0,0.0,0.0,11.0,45.0,0.0,0.0,461446.0,0.0,3.0,0.0,0.0,0.0,0.0,0.0,0.0,0.0,0.0,0.0,0.0,0.0,0.0,0.0,0.0,0.0,0.0
220.0,0.0,0.0,0.0,0.0,0.0,13.0,44.0,0.0,0.0,46483.0,0.0,3.0,0.0,0.0,0.0,0.0,0.0,0.0,0.0,0.0,0.0,0.0,0.0,0.0,0.0,0.0,0.0,0.0
222.0,0.0,0.0,0.0,0.0,0.0,13.0,43.0,0.0,0.0,61604.0,0.0,3.0,0.0,0.0,0.0,0.0,0.0,0.0,0.0,0.0,0.0,0.0,0.0,0.0,0.0,0.0,0.0,0.0
223.0,0.0,0.0,0.0,0.0,0.0,13.0,43.0,0.0,0.0,95463.0,0.0,1.0,0.0,0.0,0.0,0.0,0.0,0.0,0.0,0.0,0.0,0.0,0.0,0.0,0.0,0.0,0.0,0.0
393.0,0.0,0.0,0.0,0.0,0.0,6.0,43.0,0.0,0.0,102884.0,0.0,1.0,0.0,0.0,0.0,0.0,0.0,0.0,0.0,0.0,0.0,0.0,0.0,0.0,0.0,0.0,0.0,0.0
479.0,0.0,0.0,0.0,0.0,0.0,20.0,43.0,0.0,0.0,450527.0,0.0,2.0,0.0,0.0,0.0,0.0,0.0,0.0,0.0,0.0,0.0,0.0,0.0,0.0,0.0,0.0,0.0,0.0
533.0,0.0,0.0,0.0,0.0,0.0,2.0,43.0,0.0,0.0,480216.0,0.0,3.0,0.0,0.0,0.0,0.0,0.0,0.0,0.0,0.0,0.0,0.0,0.0,0.0,0.0,0.0,0.0,0.0
532.0,0.0,0.0,0.0,0.0,0.0,2.0,40.0,0.0,0.0,463912.0,0.0,1.0,0.0,0.0,0.0,0.0,0.0,0.0,0.0,0.0,0.0,0.0,0.0,0.0,0.0,0.0,0.0,0.0
215.0,0.0,0.0,0.0,0.0,0.0,2.0,39.0,0.0,0.0,467114.0,0.0,2.0,0.0,0.0,0.0,0.0,0.0,0.0,0.0,0.0,0.0,0.0,0.0,0.0,0.0,0.0,0.0,0.0
598.0,0.0,0.0,0.0,0.0,0.0,20.0,40.0,0.0,0.0,232797.0,0.0,2.0,0.0,0.0,0.0,0.0,0.0,0.0,0.0,0.0,0.0,0.0,0.0,0.0,0.0,0.0,0.0,0.0
624.0,0.0,0.0,0.0,0.0,0.0,20.0,45.0,0.0,0.0,445896.0,0.0,3.0,0.0,0.0,0.0,0.0,0.0,0.0,0.0,0.0,0.0,0.0,0.0,0.0,0.0,0.0,0.0,0.0
625.0,0.0,0.0,0.0,0.0,0.0,20.0,40.0,0.0,0.0,198044.0,0.0,1.0,0.0,0.0,0.0,0.0,0.0,0.0,0.0,0.0,0.0,0.0,0.0,0.0,0.0,0.0,0.0,0.0
634.0,0.0,0.0,0.0,0.0,0.0,20.0,45.0,0.0,0.0,422306.0,0.0,3.0,0.0,0.0,0.0,0.0,0.0,0.0,0.0,0.0,0.0,0.0,0.0,0.0,0.0,0.0,0.0,0.0
635.0,0.0,0.0,0.0,0.0,0.0,20.0,40.0,0.0,0.0,447093.0,0.0,2.0,0.0,0.0,0.0,0.0,0.0,0.0,0.0,0.0,0.0,0.0,0.0,0.0,0.0,0.0,0.0,0.0
636.0,0.0,0.0,0.0,0.0,0.0,20.0,45.0,0.0,0.0,456966.0,0.0,3.0,0.0,0.0,0.0,0.0,0.0,0.0,0.0,1.0,0.0,0.0,0.0,1.0,1.2,4.0,0.0,0.5
643.0,0.0,0.0,0.0,0.0,0.0,20.0,45.0,0.0,0.0,449781.0,0.0,3.0,0.0,0.0,0.0,0.0,0.0,0.0,0.0,0.0,0.0,0.0,0.0,0.0,0.0,0.0,0.0,0.0
212.0,0.0,0.0,0.0,0.0,0.0,2.0,43.0,0.0,0.0,434138.0,0.0,3.0,0.0,0.0,0.0,0.0,0.0,0.0,0.0,0.0,0.0,0.0,0.0,0.0,0.0,0.0,0.0,0.0
384.0,0.0,0.0,0.0,0.0,0.0,6.0,47.0,0.0,0.0,38290.0,0.0,2.0,0.0,0.0,0.0,0.0,0.0,0.0,0.0,0.0,0.0,0.0,0.0,0.0,0.0,0.0,0.0,0.0
208.0,0.0,0.0,0.0,0.0,0.0,2.0,40.0,0.0,0.0,214987.0,0.0,1.0,0.0,0.0,0.0,0.0,0.0,0.0,0.0,0.0,0.0,0.0,0.0,0.0,0.0,0.0,0.0,0.0
207.0,0.0,0.0,0.0,0.0,0.0,2.0,47.0,0.0,0.0,204642.0,0.0,3.0,0.0,0.0,0.0,0.0,0.0,0.0,0.0,0.0,0.0,0.0,0.0,0.0,0.0,0.0,0.0,0.0
199.0,0.0,0.0,0.0,0.0,0.0,2.0,48.0,0.0,0.0,80179.0,0.0,3.0,0.0,0.0,0.0,0.0,0.0,0.0,0.0,0.0,0.0,0.0,0.0,0.0,0.0,0.0,0.0,0.0
196.0,0.0,0.0,0.0,0.0,0.0,2.0,38.0,0.0,0.0,57913.0,0.0,2.0,0.0,0.0,0.0,0.0,0.0,0.0,0.0,0.0,0.0,0.0,0.0,0.0,0.0,0.0,0.0,0.0
237.0,0.0,0.0,0.0,0.0,0.0,13.0,43.0,0.0,0.0,213405.0,0.0,2.0,0.0,0.0,0.0,0.0,0.0,0.0,0.0,0.0,0.0,0.0,0.0,0.0,0.0,0.0,0.0,0.0
1.0,0.0,0.0,0.0,0.0,0.0,3.0,67.0,0.0,0.0,37605.0,0.0,3.0,0.0,0.0,0.0,0.0,0.0,0.0,0.0,0.0,0.0,0.0,0.0,0.0,0.0,0.0,0.0,0.0
31.0,-0.2,0.0,-0.2,-1.0,-1.0,7.0,42.0,0.0,0.0,47390.0,0.0,2.0,0.0,0.0,0.0,2.0,0.0,0.0,0.0,1.0,0.0,0.0,0.0,1.0,0.8,0.7,0.0,0.2
