,id,form,total_points,points_per_game,event_points,goals_scored,assists,clean_sheets,bonus,bps,influence,creativity,threat,ict_index
0,254,4.6,146,7.3,15,15,4,5,16,442,696.8,487.9,1001.0,218.5
1,302,3.0,145,6.9,3,11,9,7,22,522,783.0,876.2,728.0,238.9
2,390,4.8,143,7.2,2,12,6,8,18,458,657.8,526.8,638.0,182.6
3,388,6.0,143,7.5,0,12,11,6,26,512,763.4,371.2,792.0,192.4
4,202,5.0,119,6.0,15,11,7,6,16,388,508.0,160.2,934.0,160.1
5,37,5.5,119,6.3,6,6,11,10,12,457,625.0,855.7,819.0,229.8
6,224,1.8,116,6.4,0,11,8,6,17,412,527.8,183.3,762.0,147.4
7,506,4.3,110,5.8,13,10,5,5,19,345,464.0,199.8,598.0,126.0
8,12,5.0,103,5.4,10,0,0,10,13,444,515.0,20.0,0.0,53.3
9,251,4.4,103,5.4,0,7,7,5,8,297,483.6,460.4,956.0,190.3
10,141,3.0,101,5.6,2,9,3,4,11,250,412.4,257.8,700.0,137.1
11,164,1.3,99,5.5,2,11,4,5,10,346,474.6,167.0,840.0,147.9
12,96,4.6,98,5.2,3,0,0,7,17,418,594.0,10.0,0.0,60.3
13,306,2.8,98,4.7,3,7,5,7,4,288,455.2,339.4,665.0,146.0
14,449,5.0,97,4.6,1,7,1,7,13,333,503.2,110.6,590.0,120.4
15,276,4.3,97,5.4,0,6,6,9,9,269,385.6,310.1,804.0,149.8
16,435,4.8,96,4.6,4,0,8,7,11,453,413.4,486.1,53.0,95.5
17,272,4.5,95,5.6,0,3,10,9,12,368,514.6,796.8,663.0,197.6
18,235,6.2,94,4.7,8,7,3,5,8,252,432.0,266.2,641.0,134.0
19,255,2.6,92,4.4,2,1,5,6,11,467,439.4,671.0,220.0,133.3
20,556,6.8,91,5.1,8,0,1,12,9,401,360.6,32.2,164.0,55.8
21,231,6.8,89,4.7,5,6,5,7,7,297,388.4,535.2,363.0,128.5
22,8,5.8,89,4.2,7,0,0,8,6,407,437.2,0.0,0.0,43.7
23,278,5.2,88,4.6,6,0,0,12,1,366,274.8,0.0,0.0,27.6
24,474,2.6,88,4.2,2,4,5,6,7,351,411.2,687.8,477.0,157.8
25,370,3.5,87,4.3,1,4,5,8,8,412,492.8,548.3,138.0,117.7
26,277,5.5,86,5.7,0,1,2,9,13,353,332.2,437.0,197.0,96.7
27,228,6.8,86,4.1,2,5,2,7,11,369,469.6,257.7,236.0,96.5
28,514,4.0,85,4.5,2,8,4,10,6,273,444.8,323.3,956.0,171.8
29,232,2.6,85,5.0,0,2,4,7,7,342,363.0,324.0,224.0,90.5
30,445,4.2,85,4.0,2,5,3,6,5,265,325.4,351.5,503.0,118.2
31,203,5.0,85,4.5,9,5,4,6,7,286,436.4,491.5,352.0,128.2
32,249,3.2,84,4.0,4,6,4,6,10,347,415.4,336.5,853.0,160.1
33,217,4.6,84,4.0,2,0,0,7,6,379,514.2,0.0,0.0,51.5
34,42,7.0,84,4.4,6,0,3,11,5,385,315.6,236.9,82.0,63.6
35,376,2.8,83,4.2,2,1,1,8,11,397,407.6,43.0,129.0,58.1
36,271,7.8,83,5.5,3,7,0,9,12,320,395.8,353.7,330.0,108.0
37,383,3.4,83,4.2,2,0,0,6,9,380,477.6,0.0,0.0,47.7
38,200,3.0,82,4.1,7,4,2,6,5,389,423.6,212.4,286.0,92.4
39,431,2.5,81,4.0,1,0,0,6,9,370,412.8,0.0,0.0,41.3
40,24,6.6,81,4.5,0,5,3,6,8,285,374.4,384.4,645.0,140.4
41,110,0.2,78,5.2,0,4,0,6,6,337,416.6,45.9,179.0,64.2
42,41,3.8,77,4.3,7,2,1,9,6,341,408.0,62.6,160.0,63.3
43,239,3.4,77,3.7,1,1,2,7,7,381,391.4,286.7,160.0,84.0
44,366,3.2,77,5.1,2,7,3,6,13,297,395.0,187.4,495.0,107.7
45,273,6.8,77,7.0,0,2,0,9,7,297,263.2,36.3,86.0,38.5
46,213,2.2,77,4.1,4,0,0,6,9,420,571.2,10.0,0.0,58.3
47,363,1.2,76,4.0,3,0,0,7,7,355,445.0,0.0,0.0,44.6
48,490,4.8,76,4.8,7,2,0,8,8,366,429.6,55.1,142.0,62.7
49,450,3.2,75,3.8,2,2,5,7,7,224,230.8,219.5,338.0,78.9
50,377,1.2,75,3.9,1,4,5,6,9,241,315.0,279.5,545.0,114.2
51,120,3.8,75,3.8,3,2,5,6,8,338,410.6,773.4,416.0,160.0
52,6,5.8,75,4.2,2,8,1,6,11,265,380.6,204.8,566.0,114.9
53,432,2.2,75,3.6,1,2,0,7,5,341,378.4,52.4,164.0,59.5
54,325,2.3,74,3.5,6,0,0,4,6,397,594.0,0.0,0.0,59.5
55,298,5.6,74,3.5,5,2,1,7,4,389,456.0,58.2,300.0,81.5
56,481,8.2,73,4.3,13,5,4,2,8,278,351.2,425.1,216.0,99.3
57,128,5.4,72,3.4,8,0,0,4,10,366,474.8,0.0,0.0,47.4
58,496,4.8,72,4.0,9,0,2,9,8,349,368.6,253.2,69.0,69.2
59,313,4.6,72,3.8,8,1,1,7,6,374,432.4,220.1,78.0,72.9
60,117,1.2,72,3.6,2,4,5,7,5,235,313.0,263.1,720.0,129.6
61,68,4.0,72,3.8,1,7,1,5,10,233,313.6,192.8,702.0,120.5
62,548,4.4,71,4.2,6,0,0,9,0,321,237.6,0.0,0.0,23.9
63,252,3.8,71,3.9,2,0,0,5,6,328,371.8,0.0,0.0,37.1
64,4,4.2,71,4.2,0,5,1,7,6,202,272.2,226.3,519.0,101.8
65,198,1.8,71,3.5,2,3,5,6,3,303,363.0,524.8,225.0,111.3
66,275,2.8,70,5.0,0,5,2,7,7,242,307.0,424.1,453.0,118.3
67,375,1.8,70,3.9,0,0,2,8,6,354,319.8,152.6,140.0,61.3
68,11,3.4,70,3.9,8,0,3,6,13,318,270.4,274.2,141.0,68.6
69,516,3.8,69,3.6,1,0,0,4,7,354,532.2,0.0,0.0,53.0
70,259,5.2,69,3.6,2,1,3,4,7,351,338.4,500.5,254.0,109.1
71,46,4.0,69,4.1,6,2,0,7,6,295,325.8,5.6,124.0,45.7
72,69,5.8,68,3.8,10,2,4,6,7,218,254.6,459.6,351.0,106.4
73,16,6.4,68,3.8,8,0,1,8,6,343,349.8,45.7,81.0,47.7
74,270,2.2,68,4.5,6,1,1,7,7,272,214.4,119.0,72.0,40.5
75,88,3.8,67,4.8,1,2,0,6,7,270,377.2,24.7,144.0,54.9
76,284,5.5,67,4.2,3,4,3,5,8,239,279.0,321.8,441.0,104.2
77,156,4.3,67,3.7,0,3,0,4,6,338,453.8,39.1,165.0,65.8
78,455,2.8,67,3.2,2,0,0,5,5,324,357.6,0.0,0.0,35.5
79,558,3.5,66,3.9,1,0,4,5,9,329,351.8,357.8,92.0,80.4
80,65,2.4,66,3.3,3,2,2,6,6,273,359.4,394.9,318.0,107.2
81,291,4.8,66,3.5,7,0,0,7,3,302,332.0,0.0,0.0,33.2
82,489,4.6,65,3.4,11,3,3,2,8,251,302.6,339.2,208.0,85.0
83,17,4.8,65,3.8,0,1,2,6,3,339,300.8,337.7,130.0,76.9
84,118,1.0,65,3.6,1,6,2,5,8,222,270.2,117.5,464.0,84.4
85,461,1.8,64,4.6,0,3,0,4,9,259,337.4,38.1,207.0,58.4
86,368,3.8,64,3.8,2,3,2,7,3,224,287.0,268.4,204.0,75.8
87,296,5.4,64,3.6,2,3,2,5,9,243,309.8,213.0,248.0,76.7
88,91,3.2,63,3.1,2,4,0,7,7,146,212.8,177.8,515.0,89.7
89,369,0.0,63,4.8,0,3,0,5,3,282,366.2,45.3,149.0,56.1
90,540,4.0,62,3.6,3,4,2,6,3,207,251.4,222.5,395.0,86.8
91,469,1.0,62,3.6,2,3,2,6,5,216,259.4,218.9,375.0,85.5
92,38,1.5,62,3.4,3,1,5,9,2,247,280.8,308.7,166.0,75.5
93,405,3.6,61,3.4,2,3,1,8,5,239,290.2,201.7,191.0,68.4
94,508,3.7,61,4.4,1,4,3,1,7,281,341.0,411.9,263.0,101.8
95,243,3.6,61,2.9,9,2,1,5,3,293,253.2,250.1,188.0,69.2
96,557,3.4,60,3.5,2,3,3,4,5,196,345.8,382.5,538.0,126.6
97,570,5.5,60,4.0,5,3,4,4,4,215,312.0,345.9,393.0,105.2
98,162,1.7,59,3.5,1,2,0,4,5,309,397.2,21.5,182.0,60.3
99,344,2.6,59,3.1,1,5,1,5,6,195,251.0,148.5,381.0,78.0
100,137,2.2,59,3.1,1,1,3,4,6,229,307.2,413.8,157.0,88.0
101,89,2.4,58,2.9,1,1,3,7,2,305,287.0,430.7,76.0,79.3
102,81,2.4,58,3.2,1,0,0,7,3,261,348.8,57.4,174.0,58.4
103,417,1.2,58,2.9,2,0,0,2,7,376,615.0,0.0,0.0,61.5
104,57,3.0,58,3.4,9,2,3,4,9,242,278.6,478.9,177.0,93.4
105,62,5.8,57,3.2,6,2,0,5,6,310,357.8,71.8,229.0,65.9
106,123,0.4,57,3.8,1,1,2,4,9,285,310.2,345.4,183.0,84.1
107,148,2.2,57,3.6,2,2,3,5,2,124,189.8,182.5,265.0,63.3
108,201,1.2,57,3.2,2,2,0,5,6,241,245.8,199.0,149.0,59.5
109,391,2.2,56,3.1,0,0,0,6,1,303,370.2,24.1,72.0,46.6
110,181,2.4,56,3.1,7,5,1,5,6,237,271.4,120.5,285.0,67.6
111,458,4.0,56,3.7,2,1,1,5,4,278,312.8,30.8,110.0,45.4
112,362,1.8,56,3.1,2,0,0,7,2,259,202.2,172.6,105.0,47.8
113,437,6.2,55,4.2,2,5,1,3,11,163,247.8,142.2,529.0,91.7
114,74,4.6,55,2.8,6,0,0,6,2,316,275.4,119.6,63.0,46.0
115,150,1.3,55,3.1,1,2,2,4,8,200,224.4,327.6,156.0,70.8
116,492,2.2,55,3.1,1,3,3,2,8,203,212.6,310.5,429.0,95.2
117,308,2.4,55,3.7,6,1,1,5,1,274,294.6,54.5,52.0,40.1
118,498,3.4,54,4.2,1,1,3,4,4,233,229.6,148.9,102.0,48.0
119,166,1.7,54,3.6,2,2,5,3,8,180,266.0,168.3,479.0,91.3
120,100,4.0,54,3.0,2,1,2,7,3,219,263.0,315.3,76.0,65.7
121,219,3.8,54,3.2,1,0,1,6,5,295,268.8,67.7,46.0,38.3
122,483,3.4,53,2.5,3,0,0,1,2,332,480.4,10.0,4.0,49.4
123,300,4.8,53,3.1,6,0,1,5,11,308,254.0,474.6,87.0,81.7
124,542,2.0,53,4.1,0,0,3,5,3,225,217.6,155.3,130.0,50.4
125,396,3.4,53,2.6,2,1,2,6,0,289,394.6,163.7,85.0,64.4
126,562,2.2,53,3.1,1,1,0,4,3,267,288.4,130.6,52.0,47.0
127,66,3.8,53,2.6,6,0,0,6,0,300,311.0,78.6,202.0,59.1
128,102,5.6,53,4.8,15,1,1,6,5,216,217.4,151.1,91.0,46.0
129,303,1.8,52,3.1,1,2,5,3,2,171,209.6,229.1,522.0,95.8
130,187,4.2,52,2.9,6,3,0,3,4,127,212.0,297.2,384.0,89.3
131,97,0.2,52,3.2,0,0,2,5,3,257,264.2,137.0,35.0,43.6
132,92,2.4,51,3.2,1,0,0,6,2,245,231.8,84.8,26.0,34.3
133,339,3.0,51,2.7,3,2,1,3,4,201,264.4,275.7,213.0,75.4
134,191,2.8,51,2.5,2,0,3,4,4,278,355.4,256.6,174.0,79.0
135,133,2.2,51,2.5,3,1,0,4,2,261,335.0,55.5,120.0,51.2
136,157,2.0,50,2.9,1,0,0,3,3,275,369.6,10.0,0.0,38.0
137,358,3.0,50,2.5,1,2,3,2,4,167,126.8,173.6,197.0,48.9
138,105,1.8,50,3.8,3,3,2,6,4,215,267.4,171.7,101.0,54.1
139,45,0.8,50,4.2,0,5,0,3,6,165,253.6,157.1,390.0,80.2
140,448,2.0,50,2.4,1,0,1,7,0,322,321.6,270.6,154.0,75.0
141,572,2.4,50,3.1,1,0,1,4,5,272,324.0,29.0,91.0,44.7
142,561,2.2,49,3.1,1,0,1,5,4,283,319.2,51.2,73.0,44.4
143,459,2.0,49,2.5,1,0,0,5,2,302,345.0,25.5,17.0,39.0
144,466,4.2,49,2.5,0,2,0,4,3,264,349.6,245.8,241.0,83.8
145,244,1.8,49,2.9,2,1,2,4,2,283,295.4,219.1,95.0,61.1
146,106,4.0,48,4.0,8,3,1,5,4,160,191.4,308.0,290.0,79.0
147,386,2.8,48,4.0,1,1,0,5,4,230,322.6,68.0,74.0,46.6
148,309,1.2,48,2.7,1,2,1,3,3,207,279.0,147.6,87.0,51.3
149,197,1.2,47,2.4,1,0,0,6,1,359,471.8,252.8,174.0,89.9
150,389,2.2,47,4.3,0,2,1,3,2,206,254.6,127.1,115.0,49.7
151,468,0.0,47,5.2,0,5,0,1,7,138,198.0,95.3,266.0,56.0
152,494,0.0,47,3.9,0,2,0,3,6,224,300.0,22.3,138.0,46.0
153,159,4.0,47,2.8,3,1,3,5,1,187,209.8,175.1,181.0,56.6
154,485,1.5,47,3.1,2,2,1,3,3,164,192.0,82.4,85.0,35.6
155,512,1.0,47,2.6,2,1,2,4,2,272,286.6,213.1,206.0,70.5
156,52,3.2,46,2.6,3,0,2,9,0,209,233.4,199.5,99.0,53.4
157,286,3.0,46,2.4,1,0,1,8,3,269,307.0,281.1,186.0,77.5
158,282,2.8,45,3.8,9,3,2,5,7,146,169.8,185.6,301.0,65.7
159,130,3.2,45,2.5,0,0,2,4,3,228,285.2,202.2,65.0,55.2
160,500,1.8,45,2.5,1,1,3,4,0,159,165.0,214.1,181.0,55.8
161,142,1.2,44,2.9,0,2,1,4,3,121,219.8,158.1,230.0,60.7
162,287,1.8,44,3.4,6,2,3,5,0,105,135.0,130.8,301.0,56.5
163,470,1.6,44,3.7,1,0,1,4,6,181,166.0,51.5,49.0,26.5
164,546,2.4,44,2.4,2,0,1,4,2,283,330.2,213.1,119.0,66.5
165,364,0.5,44,2.8,2,1,1,6,4,217,299.8,196.0,96.0,59.2
166,478,0.8,43,2.7,1,0,4,2,2,185,144.6,331.0,138.0,61.6
167,460,0.0,43,4.3,0,4,1,4,7,148,177.4,96.2,275.0,55.0
168,67,4.6,43,2.7,6,0,0,4,6,228,255.8,200.2,32.0,48.8
169,184,1.8,43,2.7,7,2,3,1,5,122,188.6,215.7,412.0,80.2
170,569,2.6,43,3.1,2,4,2,3,4,150,200.8,75.8,282.0,55.1
171,246,0.4,42,4.2,0,1,2,3,5,194,179.0,42.4,84.0,30.6
172,140,2.6,42,2.5,5,1,3,3,2,126,143.6,111.1,211.0,46.5
173,155,2.7,42,3.8,1,0,6,1,8,224,267.4,305.8,69.0,64.4
174,9,3.4,42,2.5,3,1,1,7,1,220,240.0,108.0,102.0,45.0
175,98,1.6,41,2.3,0,0,0,7,0,203,222.0,156.5,194.0,57.4
176,95,2.2,41,2.7,2,1,1,7,3,147,161.8,129.3,163.0,45.5
177,441,0.0,41,2.6,0,3,0,3,4,113,169.6,131.6,361.0,66.2
178,422,0.6,41,2.0,1,1,2,2,2,227,289.4,165.6,167.0,62.3
179,253,1.0,40,2.4,0,0,1,6,2,264,309.2,60.6,16.0,38.9
180,114,1.4,40,3.6,0,1,3,5,6,138,155.2,278.4,177.0,61.2
181,443,0.0,40,3.3,0,1,0,4,0,185,240.4,7.7,75.0,32.4
182,597,5.0,40,4.0,8,0,0,4,4,193,226.6,0.0,0.0,22.7
183,132,2.2,39,2.8,0,3,2,1,3,103,163.6,122.1,375.0,65.9
184,419,1.6,39,1.9,1,2,1,1,2,247,398.8,45.1,111.0,55.4
185,464,1.6,39,2.4,2,0,2,6,0,137,163.0,219.2,277.0,65.8
186,76,1.2,39,2.1,3,1,0,5,2,235,267.8,147.5,110.0,52.3
187,281,3.5,39,2.8,3,1,1,7,1,185,176.8,206.5,251.0,63.6
188,204,1.2,39,2.4,2,0,2,5,2,240,328.8,301.4,52.0,68.4
189,544,0.8,39,2.6,2,2,0,2,3,183,249.6,135.4,165.0,55.0
190,113,0.2,38,2.2,0,0,1,6,0,245,274.6,220.8,31.0,52.9
191,122,4.0,38,3.2,7,2,2,3,2,161,183.0,254.5,204.0,64.2
192,119,2.2,38,2.7,4,1,2,4,0,122,156.4,184.1,375.0,71.4
193,340,0.7,38,2.4,0,1,2,2,2,132,169.8,125.3,230.0,52.6
194,346,3.4,37,2.5,2,0,3,1,1,174,174.8,290.0,82.0,54.7
195,115,1.8,37,2.5,2,1,0,6,0,105,120.6,122.8,264.0,50.9
196,513,2.3,37,2.1,11,0,1,3,3,204,203.8,180.3,25.0,40.7
197,395,2.2,37,2.5,2,0,2,2,1,183,178.8,126.0,58.0,36.2
198,205,0.2,37,3.1,1,2,2,2,2,100,154.6,112.7,192.0,45.8
199,571,2.2,37,2.6,1,0,0,4,2,216,239.2,20.2,13.0,27.4
200,442,0.0,37,3.7,0,0,1,4,4,179,142.6,172.1,60.0,37.5
201,576,6.0,36,6.0,7,2,0,3,2,126,143.4,13.2,87.0,24.4
202,165,1.0,36,4.0,0,1,0,3,4,169,193.4,67.4,61.0,32.2
203,221,3.2,36,2.4,1,0,3,4,0,149,192.2,223.6,186.0,60.0
204,588,0.0,36,4.0,0,2,2,2,6,114,111.8,94.8,256.0,46.3
205,400,3.4,36,2.6,2,0,3,5,0,70,83.0,144.9,105.0,32.8
206,225,0.0,35,2.7,0,1,2,3,1,119,118.4,126.4,114.0,35.7
207,367,3.0,35,3.5,2,0,0,4,6,193,208.8,51.1,47.0,30.9
208,77,0.0,35,3.2,0,1,3,2,2,156,147.8,162.9,156.0,46.7
209,87,2.0,35,2.3,0,2,0,5,4,70,111.4,183.4,348.0,63.9
210,283,5.7,35,5.0,6,0,0,5,2,145,81.8,62.8,40.0,18.5
211,385,1.0,34,2.1,2,0,0,5,2,166,143.4,73.0,49.0,26.7
212,373,2.4,34,2.1,4,0,2,3,0,191,216.2,174.8,30.0,42.2
213,465,2.2,34,1.7,1,0,1,2,0,149,186.8,367.6,189.0,74.3
214,323,0.5,34,2.1,0,0,0,3,4,252,332.2,55.1,14.0,40.0
215,582,0.8,33,2.4,2,1,0,3,3,83,88.8,60.1,255.0,40.1
216,518,0.6,33,2.1,2,0,1,4,0,191,128.8,90.3,16.0,23.7
217,501,1.0,33,2.1,0,0,1,4,3,207,230.6,259.6,51.0,54.3
218,446,0.2,33,2.2,0,1,0,1,0,95,152.4,88.5,151.0,39.2
219,195,1.5,33,2.4,2,1,0,3,1,278,375.4,9.9,142.0,52.7
220,146,3.0,32,2.9,0,0,1,3,2,155,184.4,48.8,21.0,25.5
221,484,0.2,32,2.1,1,0,0,3,1,232,283.2,307.2,124.0,71.7
222,491,0.0,32,2.9,0,0,0,4,2,180,176.0,48.9,89.0,31.4
223,18,2.0,32,2.3,3,3,0,1,1,105,137.4,92.2,219.0,44.7
224,563,1.8,32,2.9,0,1,1,1,5,136,136.6,99.2,102.0,33.8
225,236,3.4,32,2.9,0,1,0,5,4,171,217.6,41.4,17.0,27.6
226,23,4.6,32,4.6,3,0,4,6,0,116,110.8,155.4,85.0,35.2
227,345,1.4,32,1.5,2,0,0,0,2,258,327.2,136.4,100.0,56.4
228,107,2.2,32,2.0,3,0,1,5,0,180,184.4,206.9,77.0,46.8
229,338,0.5,31,2.8,1,1,1,3,2,92,129.0,111.6,89.0,33.0
230,78,1.2,31,2.6,1,2,1,1,2,78,98.8,60.7,235.0,39.3
231,454,1.8,31,1.6,2,0,0,2,0,199,209.0,325.9,38.0,57.6
232,103,0.8,31,2.8,0,3,0,2,3,100,123.6,98.6,311.0,53.4
233,144,0.8,31,1.8,1,1,0,2,1,117,136.6,79.6,43.0,26.0
234,299,1.6,31,2.1,3,0,0,6,0,189,218.4,174.2,85.0,47.8
235,412,2.6,31,2.4,6,2,1,1,0,174,320.0,14.8,118.0,45.2
236,566,1.3,31,2.6,0,0,0,3,1,181,194.6,38.6,19.0,25.3
237,413,1.6,31,1.7,0,0,0,1,0,185,149.8,101.1,13.0,26.3
238,382,0.5,31,2.2,1,1,2,3,0,88,103.4,72.3,131.0,30.4
239,109,4.4,30,5.0,6,0,0,4,3,140,113.8,25.8,64.0,20.4
240,509,2.8,30,2.0,2,0,0,1,3,193,261.0,133.6,31.0,42.7
241,497,0.8,30,2.3,0,1,1,1,2,105,144.0,111.2,108.0,36.3
242,229,1.2,30,2.3,2,1,0,2,2,76,141.8,229.5,294.0,66.8
243,457,0.8,30,3.3,0,0,1,3,3,127,135.6,98.6,53.0,28.9
244,315,1.4,30,2.0,1,1,0,2,0,90,70.2,96.6,247.0,41.2
245,504,2.2,30,2.0,1,2,0,0,2,82,80.8,89.5,323.0,49.1
246,134,3.0,30,2.5,1,0,1,3,2,158,176.6,75.2,15.0,26.7
247,486,1.2,29,3.2,6,1,0,2,1,152,170.2,14.3,89.0,27.5
248,357,0.2,29,2.1,1,1,1,0,2,64,135.2,130.1,342.0,60.3
249,360,0.0,29,2.2,0,1,1,0,1,148,175.8,168.9,126.0,47.0
250,108,1.8,29,2.2,2,1,2,2,1,73,87.2,96.8,176.0,35.8
251,424,2.2,28,2.0,2,1,1,1,0,72,89.4,154.7,300.0,53.9
252,54,0.4,28,1.9,1,0,1,3,0,120,100.8,197.2,117.0,41.1
253,355,2.4,28,1.8,2,0,2,2,2,142,170.8,270.1,177.0,61.7
254,351,0.6,28,1.6,1,0,1,0,0,176,194.4,203.4,180.0,58.0
255,39,0.0,28,7.0,0,1,0,3,3,89,91.0,1.5,49.0,14.2
256,3,3.8,28,2.3,6,0,0,3,0,143,132.8,30.4,86.0,24.9
257,321,2.0,28,2.2,5,0,1,3,0,163,183.8,266.4,146.0,59.7
258,83,2.0,28,2.2,1,0,1,2,2,121,113.6,43.3,39.0,19.5
259,587,2.2,28,2.2,2,0,2,2,0,98,112.2,149.5,240.0,50.3
260,175,0.0,27,2.7,0,1,1,1,2,160,170.6,278.3,124.0,57.3
261,266,2.5,27,2.7,8,0,0,3,2,121,79.0,47.1,53.0,18.1
262,22,0.4,27,1.9,1,1,1,0,4,84,74.4,58.8,120.0,24.9
263,139,1.8,27,2.5,9,0,2,1,3,171,159.6,163.9,135.0,45.9
264,80,2.6,27,3.0,3,1,1,3,3,88,104.2,102.4,91.0,29.6
265,241,1.0,27,2.1,1,0,2,3,2,128,114.6,163.7,51.0,32.9
266,324,0.8,27,2.5,1,1,0,2,0,146,210.8,16.3,69.0,29.8
267,40,0.5,27,2.5,0,0,1,4,0,78,115.8,122.2,343.0,57.9
268,138,2.6,26,1.5,3,0,0,3,0,156,170.2,153.4,70.0,39.3
269,263,1.2,26,1.9,4,0,1,3,0,116,134.2,153.3,156.0,44.4
270,336,1.3,26,1.6,3,0,0,3,0,132,176.8,69.8,107.0,35.5
271,15,1.4,26,2.4,0,0,1,2,1,110,77.6,42.7,22.0,14.3
272,411,0.8,25,1.6,1,0,1,0,1,83,101.0,174.4,82.0,35.7
273,70,0.0,25,2.3,0,0,0,2,0,161,132.4,0.3,0.0,13.2
274,577,1.2,25,2.5,6,0,1,2,0,147,123.8,51.8,34.0,21.2
275,392,0.6,25,1.7,1,1,0,1,1,60,79.4,57.4,145.0,28.0
276,418,0.0,24,3.0,0,0,0,2,3,128,139.0,74.2,50.0,26.3
277,320,2.0,24,2.0,0,1,1,1,3,64,57.2,36.0,152.0,23.5
278,274,0.0,24,4.0,0,1,0,2,2,96,72.8,40.2,35.0,14.6
279,218,0.0,24,2.7,0,0,0,3,2,112,137.0,33.9,22.0,19.2
280,526,0.4,23,1.9,0,0,0,3,0,140,108.2,73.2,28.0,20.8
281,334,1.5,23,1.6,7,0,0,2,1,141,198.2,6.9,64.0,26.9
282,353,1.8,23,1.2,1,0,0,1,1,210,318.4,22.4,57.0,39.7
283,152,1.0,23,1.9,1,0,1,1,1,135,141.6,70.1,59.0,27.1
284,332,1.2,23,2.9,6,0,0,3,0,107,74.8,78.6,14.0,16.8
285,295,1.2,23,1.9,0,0,1,3,0,134,133.8,102.0,25.0,26.1
286,507,0.7,23,2.1,3,0,3,2,0,77,54.0,142.8,62.0,25.6
287,158,2.3,23,1.6,1,0,1,2,0,86,84.6,102.9,52.0,23.6
288,568,1.4,22,3.1,0,0,2,1,3,118,122.0,167.8,30.0,31.9
289,86,1.0,22,1.4,1,0,1,2,0,58,46.6,58.2,134.0,23.4
290,262,1.2,22,1.3,2,0,0,1,0,51,43.2,87.7,124.0,25.1
291,211,1.8,22,2.0,2,0,0,2,1,158,184.4,27.4,12.0,22.2
292,365,0.8,21,1.9,2,1,0,1,0,63,75.0,77.7,149.0,30.0
293,349,1.6,21,1.4,1,0,0,1,0,128,147.0,223.5,22.0,39.2
294,61,1.2,21,1.6,0,0,0,2,0,121,114.4,52.6,64.0,22.7
295,279,0.0,21,3.5,0,1,0,2,1,97,108.0,35.5,23.0,16.6
296,502,0.0,21,1.8,0,0,0,2,0,140,177.4,99.0,27.0,30.5
297,343,1.8,21,2.3,1,2,0,0,3,48,71.6,29.2,102.0,20.1
298,480,0.7,21,1.8,0,0,0,1,1,103,84.0,94.8,76.0,25.3
299,403,0.0,20,1.8,0,1,1,2,0,71,107.6,126.7,96.0,32.7
300,5,3.8,20,5.0,5,0,1,2,3,71,53.6,65.7,10.0,12.9
301,409,1.6,20,1.4,2,0,0,1,0,88,121.8,70.9,53.0,24.2
302,33,0.0,20,5.0,0,1,1,2,3,70,65.4,82.9,33.0,18.2
303,356,1.0,19,1.6,0,0,0,1,0,112,127.6,169.4,59.0,35.8
304,310,1.8,19,2.7,0,0,0,2,4,119,126.0,5.1,20.0,15.2
305,280,1.2,19,3.2,6,0,0,2,2,94,81.8,34.5,43.0,15.9
306,163,1.3,19,1.7,0,0,0,2,0,97,89.8,45.7,2.0,13.8
307,567,2.4,19,2.1,3,0,1,3,0,99,112.2,72.6,31.0,21.6
308,439,0.8,19,1.7,0,1,1,0,0,68,79.0,69.5,89.0,23.6
309,290,0.0,19,3.2,0,0,3,1,0,76,66.2,121.9,67.0,25.5
310,347,0.4,18,1.2,0,0,0,0,0,177,224.2,101.1,99.0,42.5
311,530,0.0,18,1.6,0,0,0,2,0,113,114.8,12.7,61.0,18.8
312,510,2.0,17,2.8,2,1,0,1,0,66,98.8,44.8,127.0,27.1
313,495,0.2,17,1.5,0,1,0,0,0,67,75.6,40.1,59.0,17.5
314,258,0.2,17,1.9,0,1,0,1,0,61,59.4,14.6,118.0,19.1
315,543,0.6,17,2.8,2,1,0,1,3,45,55.2,73.1,63.0,19.1
316,247,2.2,17,2.4,7,0,2,2,1,74,68.0,144.8,73.0,28.6
317,493,0.8,17,1.3,2,0,0,0,0,84,84.4,70.8,23.0,17.9
318,555,0.0,17,1.5,0,0,0,1,0,97,74.4,103.6,50.0,22.8
319,193,0.5,17,1.9,0,0,2,0,0,66,67.6,78.0,78.0,22.4
320,104,2.8,16,4.0,14,1,0,1,2,67,78.0,50.1,68.0,19.6
321,436,1.8,16,1.2,1,0,1,1,0,48,50.0,77.1,106.0,23.2
322,328,0.3,16,1.3,0,0,0,1,0,120,181.6,23.9,91.0,29.8
323,505,0.0,16,1.6,0,0,0,1,0,97,93.4,40.5,11.0,14.7
324,250,0.0,15,3.0,0,1,0,1,1,73,82.4,4.8,66.0,15.3
325,90,1.2,15,1.7,1,0,0,2,0,45,35.0,37.5,53.0,12.6
326,129,2.6,15,3.0,0,0,0,2,2,75,65.2,0.8,10.0,7.6
327,565,1.8,15,1.4,1,0,0,2,0,57,51.8,49.1,22.0,12.3
328,541,0.4,15,1.9,1,0,2,0,0,59,70.8,81.9,88.0,24.1
329,515,0.8,15,1.4,1,0,1,0,0,56,35.0,46.5,25.0,10.7
330,10,1.2,14,4.7,0,0,0,2,1,63,59.0,11.7,4.0,7.4
331,517,2.4,14,2.0,1,0,1,1,0,99,134.6,156.8,36.0,32.7
332,79,0.0,14,1.8,0,0,0,2,0,74,61.0,105.0,29.0,19.6
333,584,1.0,14,2.0,2,0,0,1,0,82,72.0,2.5,2.0,7.7
334,71,0.0,13,1.2,0,0,1,0,0,62,51.4,94.5,143.0,28.8
335,131,0.8,13,1.6,1,0,0,1,0,69,67.8,32.8,8.0,10.8
336,93,0.8,13,1.1,1,0,0,0,0,31,12.8,30.7,122.0,16.1
337,531,1.8,13,1.6,2,0,0,1,0,90,106.8,166.3,79.0,35.3
338,335,0.5,13,2.2,0,0,0,1,0,68,58.6,41.8,20.0,12.0
339,329,0.3,13,2.2,0,1,0,0,3,42,37.4,16.9,64.0,11.4
340,425,0.4,13,0.8,1,0,0,0,0,157,294.8,51.2,36.0,38.4
341,154,0.0,13,2.2,0,1,0,1,1,44,78.0,88.4,61.0,22.8
342,352,0.0,13,1.6,0,0,1,0,0,70,87.8,11.6,35.0,13.4
343,438,0.5,13,1.9,1,0,1,1,0,74,84.8,122.5,63.0,27.2
344,261,0.0,12,1.7,0,0,0,2,0,60,44.2,54.5,111.0,21.0
345,322,0.5,12,1.5,0,0,0,1,0,66,76.6,204.0,38.0,31.9
346,387,0.6,12,1.3,1,0,1,0,0,38,30.6,37.7,112.0,17.7
347,29,0.0,12,2.4,0,0,0,1,2,43,27.2,73.0,21.0,12.2
348,361,0.2,12,1.1,0,0,0,1,0,21,9.8,6.4,19.0,3.4
349,182,0.4,12,1.1,0,0,1,0,0,85,72.4,55.9,47.0,17.5
350,427,0.8,12,1.1,1,0,0,0,0,44,19.8,35.8,6.0,6.1
351,311,0.0,11,1.8,0,1,0,0,0,43,58.6,56.0,147.0,26.2
352,85,0.0,11,1.8,0,0,0,1,1,76,94.2,11.5,16.0,12.2
353,603,1.6,11,2.8,0,1,0,0,0,44,66.0,16.8,37.0,12.0
354,589,0.4,11,2.2,2,0,0,1,0,67,86.8,15.6,6.0,10.9
355,238,0.6,11,1.4,0,0,0,1,0,86,104.0,35.6,50.0,18.9
356,210,0.2,11,1.2,0,0,0,1,0,45,46.6,39.0,16.0,10.0
357,397,1.0,11,1.2,0,0,0,1,0,72,79.2,50.3,16.0,14.4
358,487,0.7,10,2.0,0,0,0,1,0,47,32.6,35.6,2.0,7.0
359,398,0.8,10,1.2,1,0,0,0,0,72,117.0,4.5,88.0,21.0
360,452,0.0,10,2.5,0,1,0,0,0,32,44.6,3.8,17.0,6.5
361,233,0.4,10,1.0,0,0,0,1,0,19,16.8,54.4,157.0,22.8
362,209,0.5,10,1.0,0,0,0,0,0,29,42.6,47.5,87.0,17.7
363,206,0.5,10,1.0,0,0,0,0,0,33,33.0,47.1,66.0,14.7
364,260,0.0,10,1.4,0,0,0,0,0,94,106.8,18.1,0.0,12.5
365,554,0.5,9,1.3,0,0,0,1,0,20,8.6,13.8,31.0,5.2
366,44,1.0,9,1.5,1,0,0,2,0,33,23.2,16.8,8.0,4.9
367,26,0.4,9,1.8,1,0,0,2,0,18,18.4,17.8,76.0,11.1
368,535,0.0,9,1.8,0,0,0,1,0,24,12.0,7.9,13.0,3.3
369,590,0.8,8,1.0,0,0,0,0,0,19,3.0,12.2,14.0,2.9
370,428,1.0,8,1.3,2,0,0,0,0,38,26.2,19.5,26.0,7.1
371,248,0.6,8,1.6,1,0,1,0,0,25,26.6,28.3,20.0,7.5
372,256,1.0,8,1.1,2,0,0,1,0,18,10.8,22.4,58.0,9.1
373,264,0.0,8,2.0,0,0,0,1,0,32,21.2,18.5,20.0,5.8
374,519,0.0,8,4.0,0,1,0,0,0,35,66.2,21.2,38.0,12.6
375,359,0.4,8,1.3,0,0,0,0,0,9,10.8,34.3,45.0,8.9
376,190,0.6,8,0.7,0,0,0,0,0,14,22.6,76.8,39.0,13.2
377,410,1.4,8,2.7,0,0,1,0,0,29,22.4,35.2,15.0,7.2
378,511,0.0,7,1.2,0,0,0,0,0,29,70.6,10.5,33.0,11.4
379,59,1.0,7,1.4,0,0,0,0,0,28,18.4,4.7,52.0,7.6
380,125,0.2,7,1.0,0,0,0,0,0,89,126.6,35.7,36.0,19.9
381,111,0.0,7,3.5,0,0,0,1,0,24,17.4,7.7,2.0,2.7
382,545,0.6,7,1.2,2,0,0,0,0,36,41.0,38.2,8.0,8.8
383,573,0.0,7,3.5,0,0,0,1,0,36,35.8,0.0,0.0,3.6
384,333,0.2,7,1.4,0,0,1,0,0,58,72.0,30.7,6.0,10.8
385,20,0.4,7,1.0,0,0,0,0,0,18,21.2,29.7,52.0,10.1
386,55,0.0,7,1.4,0,0,0,0,0,31,28.8,7.9,41.0,7.8
387,176,0.0,7,1.4,0,0,0,0,0,78,82.6,4.7,0.0,8.8
388,560,0.0,7,7.0,0,0,0,1,0,26,28.2,0.0,0.0,2.8
389,408,0.4,7,0.9,0,0,0,0,0,0,11.4,11.9,25.0,4.8
390,180,0.0,6,1.2,0,0,0,0,0,13,1.4,14.6,47.0,5.9
391,268,0.2,6,1.2,0,0,0,1,0,20,7.2,36.9,65.0,10.4
392,581,0.2,6,1.5,0,0,1,0,0,26,37.2,24.0,12.0,7.3
393,149,0.0,6,1.2,0,0,0,0,0,38,26.2,18.6,1.0,4.6
394,523,1.5,6,6.0,0,0,0,1,0,24,12.2,0.0,0.0,1.2
395,112,0.0,6,2.0,0,0,0,0,0,40,50.8,0.0,0.0,5.0
396,430,0.0,6,6.0,0,0,0,1,0,23,13.6,0.0,0.0,1.4
397,414,0.0,6,6.0,0,0,0,1,0,24,19.6,0.3,0.0,2.0
398,379,0.5,5,1.7,0,0,0,0,0,17,16.8,7.4,9.0,3.3
399,75,0.4,5,1.7,0,0,0,0,0,30,27.2,32.4,69.0,12.8
400,50,0.2,5,1.0,0,0,0,0,0,15,4.6,15.9,58.0,7.7
401,524,0.2,5,1.0,0,0,0,0,0,8,3.0,2.8,4.0,0.7
402,421,0.0,5,1.0,0,0,0,0,0,15,13.0,12.8,39.0,6.4
403,415,0.2,5,1.0,0,0,0,0,0,10,20.0,3.9,26.0,5.0
404,564,0.8,5,1.0,1,0,0,0,0,15,16.2,22.0,79.0,11.7
405,407,0.6,5,0.5,1,0,0,0,0,107,132.0,65.1,10.0,20.8
406,188,0.4,5,1.2,0,0,0,0,0,12,13.2,7.5,2.0,2.2
407,160,0.0,5,1.2,0,0,0,0,0,19,11.0,8.1,8.0,2.8
408,305,0.0,5,1.7,0,0,0,0,0,38,65.2,0.0,0.0,6.5
409,394,0.0,4,1.0,0,0,0,0,0,13,11.4,14.0,27.0,5.2
410,127,0.0,4,1.0,0,0,0,0,0,33,36.6,1.6,6.0,4.5
411,648,4.0,4,4.0,4,0,1,0,0,17,21.2,24.3,0.0,4.6
412,331,0.3,4,2.0,0,0,0,0,0,15,13.6,2.1,0.0,1.6
413,240,0.0,4,1.0,0,0,0,0,0,24,35.8,18.5,13.0,6.6
414,153,0.0,4,0.8,0,0,0,0,0,12,2.2,11.6,4.0,1.8
415,451,0.0,4,1.0,0,0,0,0,0,40,64.6,1.9,0.0,6.7
416,423,0.0,3,1.0,0,0,0,0,0,16,20.0,0.5,0.0,2.0
417,473,0.6,3,1.5,0,0,0,0,0,15,11.2,36.8,2.0,5.0
418,627,0.8,3,1.5,0,0,0,0,0,14,7.6,11.5,6.0,2.5
419,7,0.0,3,1.0,0,0,0,0,0,16,11.6,1.0,0.0,1.3
420,216,0.0,3,1.0,0,0,0,0,0,9,3.0,0.1,0.0,0.3
421,594,0.0,3,1.5,0,0,0,0,0,17,21.0,15.2,4.0,4.0
422,168,0.0,3,1.0,0,0,0,0,0,11,14.4,12.7,4.0,3.1
423,378,0.8,3,1.0,0,0,0,0,0,12,26.0,22.1,12.0,6.0
424,529,0.6,3,0.8,0,0,0,0,0,29,33.4,1.1,0.0,3.5
425,84,0.6,3,1.5,2,0,0,0,0,6,9.8,12.1,2.0,2.4
426,227,0.0,3,0.8,0,0,0,0,0,40,38.0,3.0,6.0,4.7
427,354,0.0,3,1.5,0,0,0,0,0,19,40.2,2.5,0.0,4.3
428,288,0.0,3,1.0,0,0,0,0,0,35,37.0,22.7,1.0,6.0
429,642,1.5,3,1.5,2,0,0,0,0,6,13.0,2.2,60.0,7.5
430,21,0.0,2,1.0,0,0,0,0,0,2,4.2,9.7,10.0,2.4
431,538,0.3,2,2.0,0,0,0,0,0,8,9.6,0.0,0.0,1.0
432,56,0.4,2,2.0,0,0,0,0,0,18,23.4,0.0,0.0,2.3
433,440,0.0,2,1.0,0,0,0,0,0,8,2.4,0.4,2.0,0.5
434,626,0.5,2,1.0,0,0,0,0,0,5,0.0,0.0,4.0,0.2
435,194,0.5,2,2.0,0,0,0,0,0,12,8.0,0.0,0.0,0.8
436,574,0.2,2,1.0,0,0,0,0,0,3,0.4,5.1,63.0,6.8
437,14,0.0,2,2.0,0,0,0,0,0,9,3.6,5.4,4.0,1.3
438,234,0.0,2,0.7,0,0,0,0,0,9,4.2,3.5,2.0,1.0
439,169,0.0,2,1.0,0,0,0,0,0,1,0.0,1.3,11.0,0.9
440,214,0.0,2,1.0,0,0,0,0,0,5,2.8,0.6,0.0,0.3
441,116,0.0,2,0.4,0,0,0,0,0,53,81.0,4.5,20.0,10.6
442,245,0.0,2,1.0,0,0,0,0,0,28,42.2,0.0,0.0,4.2
443,124,0.2,2,1.0,0,0,0,0,0,10,12.4,3.0,0.0,1.5
444,426,0.2,2,1.0,0,0,0,0,0,7,6.0,2.3,7.0,1.6
445,307,0.2,2,0.4,0,0,0,0,0,19,33.6,4.0,0.0,3.6
446,471,0.0,1,0.5,0,0,0,0,0,24,31.2,25.3,0.0,5.7
447,525,0.0,1,0.3,0,0,0,0,0,34,35.4,20.8,8.0,6.4
448,226,0.2,1,0.5,0,0,0,0,0,7,14.2,2.2,7.0,2.3
449,467,0.0,1,1.0,0,0,0,0,0,2,0.6,0.5,0.0,0.1
450,230,0.0,1,1.0,0,0,0,0,0,3,0.2,1.3,3.0,0.5
451,550,0.0,1,1.0,0,0,0,0,0,3,0.0,0.0,0.0,0.0
452,645,1.0,1,1.0,1,0,0,0,0,2,0.0,0.3,0.0,0.0
453,186,0.0,1,1.0,0,0,0,0,0,11,18.2,0.0,0.0,1.8
454,630,0.2,1,1.0,0,0,0,0,0,3,0.0,0.0,2.0,0.2
455,293,0.0,1,1.0,0,0,0,0,0,1,0.0,0.1,2.0,0.2
456,643,0.5,1,1.0,1,0,0,0,0,3,4.4,0.3,0.0,0.5
457,549,0.2,1,0.5,0,0,0,0,0,14,30.2,0.9,0.0,3.1
458,318,0.0,1,1.0,0,0,0,0,0,3,0.4,0.3,0.0,0.1
459,101,0.0,1,1.0,0,0,0,0,0,7,4.2,0.0,0.0,0.4
460,613,0.2,1,1.0,1,0,0,0,0,1,0.0,1.2,0.0,0.1
461,381,0.0,1,1.0,0,0,0,0,0,2,0.4,0.1,0.0,0.1
462,602,0.2,1,1.0,0,0,0,0,0,3,0.0,0.3,2.0,0.2
463,380,0.2,1,1.0,0,0,0,0,0,5,1.8,14.8,0.0,1.7
464,559,0.0,1,1.0,0,0,0,0,0,6,13.8,5.3,1.0,2.0
465,173,0.0,1,0.5,0,0,0,0,0,12,12.6,1.6,1.0,1.6
466,539,0.0,1,1.0,0,0,0,0,0,0,0.0,0.3,4.0,0.2
467,82,0.0,1,0.3,0,0,0,0,0,24,31.4,12.9,6.0,5.1
468,579,0.0,1,1.0,0,0,0,0,0,3,0.2,11.7,6.0,1.8
469,618,0.2,1,1.0,0,0,0,0,0,3,0.0,0.1,18.0,1.8
470,499,0.0,0,0.0,0,0,0,0,0,0,0.0,0.0,0.0,0.0
471,615,0.0,0,0.0,0,0,0,0,0,0,0.0,0.0,0.0,0.0
472,614,0.0,0,0.0,0,0,0,0,0,0,0.0,0.0,0.0,0.0
473,416,0.0,0,0.0,0,0,0,0,0,0,0.0,0.0,0.0,0.0
474,611,0.0,0,0.0,0,0,0,0,0,0,0.0,0.0,0.0,0.0
475,616,0.0,0,0.0,0,0,0,0,0,0,0.0,0.0,0.0,0.0
476,629,0.0,0,0.0,0,0,0,0,0,0,0.0,0.0,0.0,0.0
477,384,0.0,0,0.0,0,0,0,0,0,0,0.0,0.0,0.0,0.0
478,610,0.0,0,0.0,0,0,0,0,0,0,0.0,0.0,0.0,0.0
479,617,0.0,0,0.0,0,0,0,0,0,0,0.0,0.0,0.0,0.0
480,444,0.0,0,0.0,0,0,0,0,0,0,0.0,0.0,0.0,0.0
481,553,0.0,0,0.0,0,0,0,0,0,0,0.0,0.0,0.0,0.0
482,600,0.0,0,0.0,0,0,0,0,0,12,17.2,11.1,0.0,2.9
483,482,0.0,0,0.0,0,0,0,0,0,0,0.0,0.0,0.0,0.0
484,447,0.0,0,0.0,0,0,0,0,0,0,0.0,0.0,0.0,0.0
485,406,0.0,0,0.0,0,0,0,0,0,0,0.0,0.0,0.0,0.0
486,404,0.0,0,0.0,0,0,0,0,0,0,0.0,0.0,0.0,0.0
487,420,0.0,0,0.0,0,0,0,0,0,0,0.0,0.0,0.0,0.0
488,402,0.0,0,0.0,0,0,0,0,0,0,0.0,0.0,0.0,0.0
489,401,0.0,0,0.0,0,0,0,0,0,0,0.0,0.0,0.0,0.0
490,521,0.0,0,0.0,0,0,0,0,0,0,0.0,0.0,0.0,0.0
491,399,0.0,0,0.0,0,0,0,0,0,0,0.0,0.0,0.0,0.0
492,434,0.0,0,0.0,0,0,0,0,0,0,0.0,0.0,0.0,0.0
493,637,0.0,0,0.0,0,0,0,0,0,0,0.0,0.0,0.0,0.0
494,638,0.0,0,0.0,0,0,0,0,0,0,0.0,0.0,0.0,0.0
495,433,0.0,0,0.0,0,0,0,0,0,0,0.0,0.0,0.0,0.0
496,453,0.0,0,0.0,0,0,0,0,0,0,0.0,0.0,0.0,0.0
497,456,0.0,0,0.0,0,0,0,0,0,0,0.0,0.0,0.0,0.0
498,650,0.0,0,0.0,0,0,0,0,0,0,0.0,0.0,0.0,0.0
499,429,0.0,0,0.0,0,0,0,0,0,0,0.0,0.0,0.0,0.0
500,462,0.0,0,0.0,0,0,0,0,0,0,0.0,0.0,0.0,0.0
501,463,0.0,0,0.0,0,0,0,0,0,0,0.0,0.0,0.0,0.0
502,393,0.0,0,0.0,0,0,0,0,0,0,0.0,0.0,0.0,0.0
503,301,0.0,0,0.0,0,0,0,0,0,0,0.0,0.0,0.0,0.0
504,472,0.0,0,0.0,0,0,0,0,0,0,0.0,0.0,0.0,0.0
505,639,0.0,0,0.0,0,0,0,0,0,0,0.0,0.0,0.0,0.0
506,475,0.0,0,0.0,0,0,0,0,0,0,0.0,0.0,0.0,0.0
507,635,0.0,0,0.0,0,0,0,0,0,0,0.0,0.0,0.0,0.0
508,476,0.0,0,0.0,0,0,0,0,0,0,0.0,0.0,0.0,0.0
509,621,0.0,0,0.0,0,0,0,0,0,0,0.0,0.0,0.0,0.0
510,636,0.0,0,0.0,0,0,0,0,0,1,1.2,4.0,0.0,0.5
511,1,0.0,0,0.0,0,0,0,0,0,0,0.0,0.0,0.0,0.0
512,634,0.0,0,0.0,0,0,0,0,0,0,0.0,0.0,0.0,0.0
513,593,0.0,0,0.0,0,0,0,0,0,0,0.0,0.0,0.0,0.0
514,145,0.0,0,0.0,0,0,0,0,0,0,0.0,0.0,0.0,0.0
515,143,0.0,0,0.0,0,0,0,0,0,0,0.0,0.0,0.0,0.0
516,136,0.0,0,0.0,0,0,0,0,0,0,0.0,0.0,0.0,0.0
517,135,0.0,0,0.0,0,0,0,0,0,0,0.0,0.0,0.0,0.0
518,126,0.0,0,0.0,0,0,0,0,0,0,0.0,0.0,0.0,0.0
519,605,0.0,0,0.0,0,0,0,0,0,0,0.0,0.0,0.0,0.0
520,121,0.0,0,0.0,0,0,0,0,0,8,26.6,0.1,0.0,2.7
521,625,0.0,0,0.0,0,0,0,0,0,0,0.0,0.0,0.0,0.0
522,612,0.0,0,0.0,0,0,0,0,0,0,0.0,0.0,0.0,0.0
523,592,0.0,0,0.0,0,0,0,0,0,0,0.0,0.0,0.0,0.0
524,591,0.0,0,0.0,0,0,0,0,0,0,0.0,0.0,0.0,0.0
525,583,0.0,0,0.0,0,0,0,0,0,0,0.0,0.0,0.0,0.0
526,551,0.0,0,0.0,0,0,0,0,0,0,0.0,0.0,0.0,0.0
527,536,0.0,0,0.0,0,0,0,0,0,0,0.0,0.0,0.0,0.0
528,147,0.0,0,0.0,0,0,0,0,0,0,0.0,0.0,0.0,0.0
529,522,0.0,0,0.0,0,0,0,0,0,0,0.0,0.0,0.0,0.0
530,534,0.0,0,0.0,0,0,0,0,0,0,0.0,0.0,0.0,0.0
531,578,0.0,0,0.0,0,0,0,0,0,0,0.0,0.0,0.0,0.0
532,586,0.0,0,0.0,0,0,0,0,0,0,0.0,0.0,0.0,0.0
533,641,0.0,0,0.0,0,0,0,0,0,0,0.0,0.0,0.0,0.0
534,151,0.0,0,0.0,0,0,0,0,0,0,0.0,0.0,0.0,0.0
535,161,0.0,0,0.0,0,0,0,0,0,0,0.0,0.0,0.0,0.0
536,167,0.0,0,0.0,0,0,0,0,0,0,0.0,0.0,0.0,0.0
537,170,0.0,0,0.0,0,0,0,0,0,0,0.0,0.0,0.0,0.0
538,596,0.0,0,0.0,0,0,0,0,0,0,0.0,0.0,0.0,0.0
539,644,0.0,0,0.0,0,0,0,0,0,0,0.0,0.0,0.0,0.0
540,171,0.0,0,0.0,0,0,0,0,0,0,0.0,0.0,0.0,0.0
541,172,0.0,0,0.0,0,0,0,0,0,0,0.0,0.0,0.0,0.0
542,174,0.0,0,0.0,0,0,0,0,0,0,0.0,0.0,0.0,0.0
543,177,0.0,0,0.0,0,0,0,0,0,0,0.0,0.0,0.0,0.0
544,178,0.0,0,0.0,0,0,0,0,0,32,40.8,11.3,18.0,6.9
545,520,0.0,0,0.0,0,0,0,0,0,0,0.0,0.0,0.0,0.0
546,99,0.0,0,0.0,0,0,0,0,0,9,6.4,0.0,0.0,0.6
547,94,0.0,0,0.0,0,0,0,0,0,0,0.0,0.0,0.0,0.0
548,48,0.0,0,0.0,0,0,0,0,0,0,0.0,0.0,0.0,0.0
549,13,0.0,0,0.0,0,0,0,0,0,0,0.0,0.0,0.0,0.0
550,19,0.0,0,0.0,0,0,0,0,0,0,0.0,0.0,0.0,0.0
551,25,0.0,0,0.0,0,0,0,0,0,0,0.0,0.0,0.0,0.0
552,27,0.0,0,0.0,0,0,0,0,0,0,0.0,0.0,0.0,0.0
553,527,0.0,0,0.0,0,0,0,0,0,0,0.0,0.0,0.0,0.0
554,547,0.0,0,0.0,0,0,0,0,0,0,0.0,0.0,0.0,0.0
555,28,0.0,0,0.0,0,0,0,0,0,0,0.0,0.0,0.0,0.0
556,30,0.0,0,0.0,0,0,0,0,0,0,0.0,0.0,0.0,0.0
557,32,0.0,0,0.0,0,0,0,0,0,0,0.0,0.0,0.0,0.0
558,34,0.0,0,0.0,0,0,0,0,0,0,0.0,0.0,0.0,0.0
559,35,0.0,0,0.0,0,0,0,0,0,0,0.0,0.0,0.0,0.0
560,36,0.0,0,0.0,0,0,0,0,0,0,0.0,0.0,0.0,0.0
561,43,0.0,0,0.0,0,0,0,0,0,0,0.0,0.0,0.0,0.0
562,47,0.0,0,0.0,0,0,0,0,0,0,0.0,0.0,0.0,0.0
563,49,0.0,0,0.0,0,0,0,0,0,0,0.0,0.0,0.0,0.0
564,633,0.0,0,0.0,0,0,0,0,0,0,0.0,0.0,0.0,0.0
565,51,0.0,0,0.0,0,0,0,0,0,0,0.0,0.0,0.0,0.0
566,647,0.0,0,0.0,0,0,0,0,0,0,0.0,0.0,0.0,0.0
567,53,0.0,0,0.0,0,0,0,0,0,0,0.0,0.0,0.0,0.0
568,58,0.0,0,0.0,0,0,0,0,0,0,0.0,0.0,0.0,0.0
569,60,0.0,0,0.0,0,0,0,0,0,0,0.0,0.0,0.0,0.0
570,63,0.0,0,0.0,0,0,0,0,0,0,0.0,0.0,0.0,0.0
571,64,0.0,0,0.0,0,0,0,0,0,0,0.0,0.0,0.0,0.0
572,72,0.0,0,0.0,0,0,0,0,0,0,0.0,0.0,0.0,0.0
573,73,0.0,0,0.0,0,0,0,0,0,0,0.0,0.0,0.0,0.0
574,503,0.0,0,0.0,0,0,0,0,0,0,0.0,0.0,0.0,0.0
575,528,0.0,0,0.0,0,0,0,0,0,0,0.0,0.0,0.0,0.0
576,628,0.0,0,0.0,0,0,0,0,0,0,0.0,0.0,0.0,0.0
577,631,0.0,0,0.0,0,0,0,0,0,0,0.0,0.0,0.0,0.0
578,632,0.0,0,0.0,0,0,0,0,0,0,0.0,0.0,0.0,0.0
579,179,0.0,0,0.0,0,0,0,0,0,0,0.0,0.0,0.0,0.0
580,183,0.0,0,0.0,0,0,0,0,0,0,0.0,0.0,0.0,0.0
581,185,0.0,0,0.0,0,0,0,0,0,0,0.0,0.0,0.0,0.0
582,317,0.0,0,0.0,0,0,0,0,0,0,0.0,0.0,0.0,0.0
583,327,0.0,0,0.0,0,0,0,0,0,0,0.0,0.0,0.0,0.0
584,326,0.0,0,0.0,0,0,0,0,0,0,0.0,0.0,0.0,0.0
585,640,0.0,0,0.0,0,0,0,0,0,0,0.0,0.0,0.0,0.0
586,604,0.0,0,0.0,0,0,0,0,0,0,0.0,0.0,0.0,0.0
587,575,0.0,0,0.0,0,0,0,0,0,0,0.0,0.0,0.0,0.0
588,319,0.0,0,0.0,0,0,0,0,0,0,0.0,0.0,0.0,0.0
589,316,0.0,0,0.0,0,0,0,0,0,0,0.0,0.0,0.0,0.0
590,189,0.0,0,0.0,0,0,0,0,0,0,0.0,0.0,0.0,0.0
591,314,0.0,0,0.0,0,0,0,0,0,0,0.0,0.0,0.0,0.0
592,312,0.0,0,0.0,0,0,0,0,0,17,17.8,30.5,16.0,6.4
593,304,0.0,0,0.0,0,0,0,0,0,0,0.0,0.0,0.0,0.0
594,297,0.0,0,0.0,0,0,0,0,0,0,0.0,0.0,0.0,0.0
595,294,0.0,0,0.0,0,0,0,0,0,0,0.0,0.0,0.0,0.0
596,292,0.0,0,0.0,0,0,0,0,0,0,0.0,0.0,0.0,0.0
597,330,0.0,0,0.0,0,0,0,0,0,0,0.0,0.0,0.0,0.0
598,337,0.0,0,0.0,0,0,0,0,0,0,0.0,0.0,0.0,0.0
599,341,0.0,0,0.0,0,0,0,0,0,0,0.0,0.0,0.0,0.0
600,342,0.0,0,0.0,0,0,0,0,0,0,0.0,0.0,0.0,0.0
601,488,0.0,0,0.0,0,0,0,0,0,0,0.0,0.0,0.0,0.0
602,606,0.0,0,0.0,0,0,0,0,0,0,0.0,0.0,0.0,0.0
603,348,0.0,0,0.0,0,0,0,0,0,0,0.0,0.0,0.0,0.0
604,350,0.0,0,0.0,0,0,0,0,0,0,0.0,0.0,0.0,0.0
605,477,0.0,0,0.0,0,0,0,0,0,0,0.0,0.0,0.0,0.0
606,580,0.0,0,0.0,0,0,0,0,0,0,0.0,0.0,0.0,0.0
607,646,0.0,0,0.0,0,0,0,0,0,0,0.0,0.0,0.0,0.0
608,371,0.0,0,0.0,0,0,0,0,0,0,0.0,0.0,0.0,0.0
609,372,0.0,0,0.0,0,0,0,0,0,0,0.0,0.0,0.0,0.0
610,374,0.0,0,0.0,0,0,0,0,0,0,0.0,0.0,0.0,0.0
611,479,0.0,0,0.0,0,0,0,0,0,0,0.0,0.0,0.0,0.0
612,598,0.0,0,0.0,0,0,0,0,0,0,0.0,0.0,0.0,0.0
613,624,0.0,0,0.0,0,0,0,0,0,0,0.0,0.0,0.0,0.0
614,289,0.0,0,0.0,0,0,0,0,0,0,0.0,0.0,0.0,0.0
615,623,0.0,0,0.0,0,0,0,0,0,0,0.0,0.0,0.0,0.0
616,622,0.0,0,0.0,0,0,0,0,0,0,0.0,0.0,0.0,0.0
617,609,0.0,0,0.0,0,0,0,0,0,0,0.0,0.0,0.0,0.0
618,192,0.0,0,0.0,0,0,0,0,0,0,0.0,0.0,0.0,0.0
619,585,0.0,0,0.0,0,0,0,0,0,0,0.0,0.0,0.0,0.0
620,220,0.0,0,0.0,0,0,0,0,0,0,0.0,0.0,0.0,0.0
621,222,0.0,0,0.0,0,0,0,0,0,0,0.0,0.0,0.0,0.0
622,223,0.0,0,0.0,0,0,0,0,0,0,0.0,0.0,0.0,0.0
623,237,0.0,0,0.0,0,0,0,0,0,0,0.0,0.0,0.0,0.0
624,196,0.0,0,0.0,0,0,0,0,0,0,0.0,0.0,0.0,0.0
625,199,0.0,0,0.0,0,0,0,0,0,0,0.0,0.0,0.0,0.0
626,207,0.0,0,0.0,0,0,0,0,0,0,0.0,0.0,0.0,0.0
627,208,0.0,0,0.0,0,0,0,0,0,0,0.0,0.0,0.0,0.0
628,212,0.0,0,0.0,0,0,0,0,0,0,0.0,0.0,0.0,0.0
629,215,0.0,0,0.0,0,0,0,0,0,0,0.0,0.0,0.0,0.0
630,532,0.0,0,0.0,0,0,0,0,0,0,0.0,0.0,0.0,0.0
631,533,0.0,0,0.0,0,0,0,0,0,0,0.0,0.0,0.0,0.0
632,599,0.0,0,0.0,0,0,0,0,0,0,0.0,0.0,0.0,0.0
633,619,0.0,0,0.0,0,0,0,0,0,0,0.0,0.0,0.0,0.0
634,267,0.0,0,0.0,0,0,0,0,0,0,0.0,0.0,0.0,0.0
635,608,0.0,0,0.0,0,0,0,0,0,0,0.0,0.0,0.0,0.0
636,595,0.0,0,0.0,0,0,0,0,0,0,0.0,0.0,0.0,0.0
637,552,0.0,0,0.0,0,0,0,0,0,0,0.0,0.0,0.0,0.0
638,537,0.0,0,0.0,0,0,0,0,0,0,0.0,0.0,0.0,0.0
639,285,0.0,0,0.0,0,0,0,0,0,0,0.0,0.0,0.0,0.0
640,269,0.0,0,0.0,0,0,0,0,0,0,0.0,0.0,0.0,0.0
641,607,0.0,0,0.0,0,0,0,0,0,0,0.0,0.0,0.0,0.0
642,620,0.0,0,0.0,0,0,0,0,0,0,0.0,0.0,0.0,0.0
643,601,0.0,0,0.0,0,0,0,0,0,0,0.0,0.0,0.0,0.0
644,265,0.0,0,0.0,0,0,0,0,0,0,0.0,0.0,0.0,0.0
645,257,0.0,0,0.0,0,0,0,0,0,0,0.0,0.0,0.0,0.0
646,2,0.0,0,0.0,0,0,0,0,0,0,0.0,0.0,0.0,0.0
647,242,0.0,0,0.0,0,0,0,0,0,0,0.0,0.0,0.0,0.0
648,649,0.0,0,0.0,0,0,0,0,0,0,0.0,0.0,0.0,0.0
649,31,-0.2,-1,-1.0,0,0,0,0,0,1,0.8,0.7,0.0,0.2
